-- phpMyAdmin SQL Dump
-- version 4.8.0.1
-- https://www.phpmyadmin.net/
--
-- Host: 127.0.0.1
-- Generation Time: Aug 12, 2018 at 04:09 AM
-- Server version: 10.1.32-MariaDB
-- PHP Version: 7.2.5

SET SQL_MODE = "NO_AUTO_VALUE_ON_ZERO";
SET AUTOCOMMIT = 0;
START TRANSACTION;
SET time_zone = "+00:00";


/*!40101 SET @OLD_CHARACTER_SET_CLIENT=@@CHARACTER_SET_CLIENT */;
/*!40101 SET @OLD_CHARACTER_SET_RESULTS=@@CHARACTER_SET_RESULTS */;
/*!40101 SET @OLD_COLLATION_CONNECTION=@@COLLATION_CONNECTION */;
/*!40101 SET NAMES utf8mb4 */;

--
-- Database: `portfolio`
--

-- --------------------------------------------------------

--
-- Table structure for table `education`
--

CREATE TABLE `education` (
  `id` int(10) UNSIGNED NOT NULL,
  `user_id` int(11) NOT NULL,
  `institution` varchar(191) COLLATE utf8mb4_unicode_ci NOT NULL,
  `degree` varchar(191) COLLATE utf8mb4_unicode_ci NOT NULL,
  `start_year` int(11) DEFAULT NULL,
  `end_year` int(11) DEFAULT NULL,
  `gpa` double(8,2) DEFAULT NULL,
  `scale` double(8,2) DEFAULT NULL,
  `description` text COLLATE utf8mb4_unicode_ci NOT NULL,
  `created_at` timestamp NULL DEFAULT NULL,
  `updated_at` timestamp NULL DEFAULT NULL
) ENGINE=InnoDB DEFAULT CHARSET=utf8mb4 COLLATE=utf8mb4_unicode_ci;

--
-- Dumping data for table `education`
--

INSERT INTO `education` (`id`, `user_id`, `institution`, `degree`, `start_year`, `end_year`, `gpa`, `scale`, `description`, `created_at`, `updated_at`) VALUES
(1, 2, 'Gretchen Stracke DDS', 'Dax Block', 2016, 2013, 4.00, 4.00, 'Sequi excepturi nostrum repellat dignissimos nemo. In dolorum vel et consectetur. Odit sed qui officiis a labore at id. Dolores corrupti aut praesentium ipsam velit.', '2018-08-11 04:38:29', '2018-08-11 04:38:29'),
(2, 3, 'Ms. Meta Gislason MD', 'Dr. Willard Balistreri', 2017, 2011, 3.00, 5.00, 'Quas pariatur aperiam dignissimos quo molestiae praesentium aut. Suscipit velit voluptatem nobis dolorem ut quaerat.', '2018-08-11 04:38:29', '2018-08-11 04:38:29'),
(3, 10, 'Mrs. Loma Harber II', 'Prof. Jannie Kessler V', 2017, 2014, 4.00, 4.00, 'Dolores fugiat necessitatibus deserunt aut perferendis delectus. Rerum sit porro aut nobis esse amet itaque. Velit quidem non molestiae minus aut.', '2018-08-11 04:38:29', '2018-08-11 04:38:29'),
(4, 5, 'Elias Raynor I', 'Dr. Oliver Gutmann Sr.', 2017, 2013, 4.00, 4.00, 'Quam et in sit laudantium. Eius ut quasi placeat nihil distinctio. Repellendus nihil unde sed. Voluptatem temporibus tenetur dolorem eum.', '2018-08-11 04:38:29', '2018-08-11 04:38:29'),
(5, 5, 'Elaina Kris', 'Clemens Tremblay', 2015, 2013, 4.00, 5.00, 'Repellat et voluptas facilis. Molestiae reprehenderit non aperiam enim molestias labore aut. Dolor in reprehenderit sapiente expedita qui consequatur.', '2018-08-11 04:38:29', '2018-08-11 04:38:29'),
(6, 1, 'Dr. Jamie Walsh Sr.', 'Layne Lakin', 2017, 2014, 3.00, 5.00, 'Et iste sequi qui velit. Sed sed voluptatem aut expedita tempore earum. Voluptatem qui nam dolorem et. Soluta qui enim quod quam sed asperiores.', '2018-08-11 04:38:29', '2018-08-11 04:38:29'),
(7, 3, 'Mrs. Alisa Klein MD', 'Jameson Goodwin', 2012, 2018, 5.00, 5.00, 'Ut doloribus officiis vel autem qui. Dicta rerum et molestias. Ad tenetur aut rerum reprehenderit.', '2018-08-11 04:38:29', '2018-08-11 04:38:29'),
(8, 7, 'Mervin Sauer', 'Prof. Lemuel Halvorson MD', 2016, 2013, 3.00, 4.00, 'Doloremque magnam blanditiis voluptates tempore cumque quibusdam est expedita. Vel ut quibusdam ut officiis praesentium quas. Suscipit nesciunt repudiandae amet quas est.', '2018-08-11 04:38:29', '2018-08-11 04:38:29'),
(9, 2, 'Braeden Fadel', 'Donato Effertz', 2015, 2014, 3.00, 5.00, 'Non fugit impedit vero quia nesciunt sit sunt. Odio non veniam qui recusandae cupiditate nisi a. Cumque similique adipisci illo dolorum. Nobis laborum sit ea laboriosam quo neque tenetur.', '2018-08-11 04:38:29', '2018-08-11 04:38:29'),
(10, 9, 'Rosanna Gleason IV', 'Brendan Gerlach', 2013, 2015, 5.00, 4.00, 'Aliquid dolor sed ut dolorem. Rem atque repudiandae nihil tenetur perferendis et saepe aut. Ut esse quidem deleniti. Est rerum ab omnis veritatis ipsa eaque.', '2018-08-11 04:38:29', '2018-08-11 04:38:29'),
(11, 1, 'Royce Stehr', 'Giuseppe Yost V', 2010, 2016, 4.00, 5.00, 'Amet enim ut deleniti non. Sed omnis necessitatibus in accusamus. Id nobis voluptates nisi nesciunt.', '2018-08-11 04:38:29', '2018-08-11 04:38:29'),
(12, 6, 'Ms. Noemy Kohler V', 'Eleazar Halvorson', 2010, 2018, 5.00, 5.00, 'Blanditiis cupiditate consequatur temporibus. Ab iure ratione quia unde et. Dolorem aperiam optio dolorem repudiandae esse. Aut quo neque velit necessitatibus iste tenetur voluptatum quia.', '2018-08-11 04:38:29', '2018-08-11 04:38:29'),
(13, 2, 'Mr. Constantin Goyette', 'Prof. Ford Strosin', 2015, 2014, 5.00, 5.00, 'Modi atque vel quis ullam et enim voluptas. Voluptatibus fugit et at. Autem eos totam officiis excepturi distinctio commodi dolorem.', '2018-08-11 04:38:29', '2018-08-11 04:38:29'),
(14, 9, 'Brandt Reinger', 'Royal Keebler', 2017, 2018, 3.00, 4.00, 'Sit porro atque dolor totam iure rem. Sapiente totam perferendis non mollitia voluptatibus velit. Voluptatibus maxime deleniti iure neque temporibus accusantium. Blanditiis tempora at quia quas vel accusamus ut ut.', '2018-08-11 04:38:29', '2018-08-11 04:38:29'),
(15, 10, 'Mrs. Yasmine Crona II', 'Dr. Luna Veum', 2017, 2017, 4.00, 5.00, 'Sint cumque officiis est sit. Sint nihil esse et saepe temporibus sit culpa reprehenderit. Dolores animi nobis tempore consequatur. Sunt rerum illo tempora. Sed commodi dolore non et vel fuga.', '2018-08-11 04:38:29', '2018-08-11 04:38:29'),
(16, 3, 'Elinor Gerlach', 'Betsy Sawayn', 2011, 2015, 5.00, 4.00, 'Et consequatur quia ut illum ad id a. Corrupti occaecati non nemo praesentium. Modi ducimus aut dolores nihil in vel. Dolorum non quis temporibus eius.', '2018-08-11 04:38:29', '2018-08-11 04:38:29'),
(17, 2, 'Berniece Haag', 'Burdette Leuschke', 2011, 2014, 5.00, 5.00, 'Nihil sequi mollitia et quos a voluptate est dolor. Molestias rerum doloremque soluta minima ut sed aut. Rem id ducimus voluptatibus est quam.', '2018-08-11 04:38:29', '2018-08-11 04:38:29'),
(18, 5, 'Randi Prohaska', 'Shane Boyer MD', 2016, 2016, 5.00, 5.00, 'Quos sequi quibusdam laudantium asperiores reprehenderit omnis rem. Sapiente fugiat dolorem omnis totam est. Nisi blanditiis adipisci corporis voluptatem enim vel. Quas aliquid ex ut.', '2018-08-11 04:38:29', '2018-08-11 04:38:29'),
(19, 10, 'Dr. Evie Huel III', 'Reinhold Langworth', 2012, 2017, 4.00, 5.00, 'Amet sit rem ex quis dolorum fuga. Aperiam corrupti sed qui pariatur labore iure. Perferendis enim quia non quisquam quasi quod aspernatur ut.', '2018-08-11 04:38:29', '2018-08-11 04:38:29'),
(20, 8, 'Nicole Bartell IV', 'Dr. George Morar', 2014, 2018, 5.00, 4.00, 'Dolorem rem nesciunt excepturi eveniet eius aliquid nesciunt possimus. Aut velit sunt voluptatibus dolores. Perspiciatis nesciunt quidem sit incidunt excepturi. At nesciunt ea architecto quod deleniti autem sint quis.', '2018-08-11 04:38:29', '2018-08-11 04:38:29'),
(21, 7, 'Dusty Leuschke', 'Dr. Vivianne O\'Connell', 2013, 2015, 5.00, 4.00, 'Placeat enim quia quia consequatur corporis aspernatur. Harum optio id harum. Laudantium asperiores odio rerum deleniti repudiandae aliquam atque. Fugiat porro est earum error laboriosam dolor. Aut velit explicabo molestias voluptas corporis.', '2018-08-11 04:38:29', '2018-08-11 04:38:29'),
(22, 3, 'Mrs. Ashley Williamson PhD', 'Prof. Marcelo Reynolds', 2014, 2016, 4.00, 5.00, 'Ut dolorem consequatur sequi asperiores eaque labore ea eaque. Qui quibusdam id eaque et et eos voluptas. Non sit minima molestiae doloribus enim.', '2018-08-11 04:38:29', '2018-08-11 04:38:29'),
(23, 4, 'Josue Denesik', 'Dena Borer', 2013, 2013, 5.00, 4.00, 'Aliquid molestiae deserunt ratione eaque deserunt. Aut doloribus dignissimos quidem porro. Deserunt modi odio voluptatum ea. Molestias aliquid dolorum itaque iusto ut.', '2018-08-11 04:38:29', '2018-08-11 04:38:29'),
(24, 2, 'Sebastian Halvorson', 'Berry Becker', 2011, 2011, 5.00, 4.00, 'Id iure quo velit et et dolores. Dolorem cumque voluptatem veritatis eos harum aliquid soluta. Eum nemo maiores cum.', '2018-08-11 04:38:29', '2018-08-11 04:38:29'),
(25, 10, 'Mrs. Lavada Rutherford', 'Gayle Okuneva', 2016, 2017, 3.00, 5.00, 'Hic laudantium ut explicabo voluptate. Laboriosam et voluptatum iste sit animi facilis. Maiores facilis aut enim temporibus. Aliquam numquam magnam sapiente tempore at amet excepturi. Ipsam corrupti repudiandae dolor est accusantium praesentium.', '2018-08-11 04:38:29', '2018-08-11 04:38:29'),
(26, 1, 'Myles Daugherty', 'Reymundo Wiza', 2013, 2014, 4.00, 4.00, 'Ea rem qui quas sequi. Labore ipsa voluptatem cum omnis. Ipsum deserunt ullam libero libero ea facere.', '2018-08-11 04:38:29', '2018-08-11 04:38:29'),
(27, 1, 'Prof. Karianne Brown', 'Cassandra Feeney', 2014, 2017, 3.00, 4.00, 'Pariatur blanditiis quis et enim iusto autem debitis. Enim mollitia architecto voluptas dolorem. Praesentium autem iure totam et eligendi ut deserunt.', '2018-08-11 04:38:29', '2018-08-11 04:38:29'),
(28, 3, 'Prof. Mertie Murphy', 'Ashly Hilpert', 2017, 2015, 3.00, 5.00, 'Et fuga qui quasi quibusdam. Facere voluptatem soluta mollitia blanditiis. Molestias doloribus molestiae et aut id quod perspiciatis cupiditate.', '2018-08-11 04:38:29', '2018-08-11 04:38:29'),
(29, 3, 'Annalise Tremblay Jr.', 'Mrs. Brigitte Conn Jr.', 2011, 2012, 3.00, 5.00, 'Suscipit ad aut temporibus corporis porro deserunt illo expedita. Quasi molestiae autem rerum ducimus omnis labore perferendis est. Quia error repellendus qui qui. Qui distinctio est eos nostrum dolorem.', '2018-08-11 04:38:29', '2018-08-11 04:38:29'),
(30, 1, 'Buck Walker', 'Justen McClure', 2011, 2014, 5.00, 4.00, 'Qui corrupti omnis voluptas similique culpa. Veniam et consequatur qui sed. Unde quidem molestias sunt assumenda.', '2018-08-11 04:38:29', '2018-08-11 04:38:29'),
(31, 10, 'Mr. Vicente Adams I', 'Aric Champlin', 2012, 2016, 3.00, 4.00, 'Voluptate explicabo expedita commodi accusamus consequatur et. Possimus cumque illum officia quam. Fuga porro id cupiditate quia. Dolorem nam delectus nam quibusdam et porro.', '2018-08-11 04:38:29', '2018-08-11 04:38:29'),
(32, 1, 'Gisselle Douglas', 'Ms. Loren Runte II', 2017, 2012, 3.00, 5.00, 'Tenetur possimus et nemo quos sed accusantium. Soluta voluptatibus debitis officiis recusandae. Non quae voluptatum officia itaque. Qui reprehenderit quisquam voluptatem incidunt sint rerum.', '2018-08-11 04:38:29', '2018-08-11 04:38:29'),
(33, 1, 'Citlalli Doyle', 'Cleo McDermott', 2012, 2012, 3.00, 5.00, 'Nihil quis quam non ut cum consectetur. Facere fugiat voluptas odit dolor molestiae sint. Aut dolorem dicta vero a dolorem corrupti.', '2018-08-11 04:38:29', '2018-08-11 04:38:29'),
(34, 7, 'Kaleb Hickle', 'Candelario Nitzsche', 2017, 2017, 4.00, 5.00, 'Consequuntur enim et cum ab. Ducimus natus sed in ea. Praesentium corrupti et veniam in iure aut. Aliquid ipsa necessitatibus cumque quaerat placeat vitae.', '2018-08-11 04:38:29', '2018-08-11 04:38:29'),
(35, 2, 'Cruz Cole', 'Dr. Madge Tremblay PhD', 2014, 2014, 4.00, 4.00, 'Aut pariatur cumque repudiandae eum a. Sint itaque et reiciendis aut labore cupiditate incidunt. Consequatur sint autem repellat voluptate ut. Cum quis quia quas alias veritatis.', '2018-08-11 04:38:29', '2018-08-11 04:38:29'),
(36, 6, 'Luella Romaguera', 'Major Huel', 2015, 2014, 5.00, 5.00, 'Blanditiis tenetur rerum nihil tenetur dicta cum adipisci. Quia sit at minus quam. Ea ratione ex nihil autem. Quod ea asperiores error voluptatum.', '2018-08-11 04:38:29', '2018-08-11 04:38:29'),
(37, 1, 'Harold Kassulke', 'Mya Yost IV', 2011, 2013, 5.00, 4.00, 'Iste sapiente et libero perferendis id quia nisi dolorem. Nihil consectetur ut illum itaque. Sint sed qui id ex doloribus.', '2018-08-11 04:38:29', '2018-08-11 04:38:29'),
(38, 4, 'Luigi Trantow', 'Brenden Berge', 2013, 2013, 4.00, 5.00, 'Aut ratione esse nisi qui ut. Soluta neque nostrum sed corporis recusandae. Id earum quidem velit eum consequuntur aut. Omnis id ratione aut ut eum.', '2018-08-11 04:38:29', '2018-08-11 04:38:29'),
(39, 3, 'Perry Wunsch II', 'Rowan Hilll', 2013, 2018, 3.00, 4.00, 'Molestiae vel beatae adipisci sequi cum. Quam tenetur dolor quisquam. Nihil consequatur esse officia sit at. Quia ut et numquam pariatur dolorem.', '2018-08-11 04:38:29', '2018-08-11 04:38:29'),
(40, 9, 'Teagan Stiedemann', 'Emmitt Quitzon', 2015, 2014, 4.00, 5.00, 'Modi et alias repudiandae non sunt. Dolores qui laborum a similique. Est aliquam perferendis id molestiae aut inventore.', '2018-08-11 04:38:29', '2018-08-11 04:38:29'),
(41, 4, 'Alison Ortiz', 'Laurel Romaguera DDS', 2011, 2014, 3.00, 4.00, 'Soluta ex accusantium architecto sequi eos sunt. Optio consequatur consequatur laborum est quaerat eum inventore.', '2018-08-11 04:38:29', '2018-08-11 04:38:29'),
(42, 2, 'Missouri Rempel', 'Clare Jones', 2016, 2017, 5.00, 4.00, 'Aut qui pariatur ipsa. Maxime expedita accusantium quae deleniti. Iste et quod velit et hic aut. Autem quis est dolor sapiente voluptatem qui aliquam ut.', '2018-08-11 04:38:29', '2018-08-11 04:38:29'),
(43, 2, 'Ms. Dariana Dietrich DDS', 'Ottilie Paucek II', 2014, 2011, 3.00, 4.00, 'Voluptatem temporibus eos vel nisi. Blanditiis magnam inventore et omnis nobis et. Accusantium ut quas mollitia corrupti eum veniam.', '2018-08-11 04:38:29', '2018-08-11 04:38:29'),
(44, 3, 'Ms. Harmony Hamill MD', 'Marcelo Carter', 2015, 2017, 4.00, 5.00, 'Voluptatem exercitationem sunt minima. Ut vel repudiandae itaque dolorem nesciunt sint labore tempore. Quia natus impedit est a ab saepe est. Labore accusantium dolores possimus minima possimus mollitia.', '2018-08-11 04:38:29', '2018-08-11 04:38:29'),
(45, 9, 'Seamus Lueilwitz', 'Elyse Muller', 2013, 2013, 5.00, 5.00, 'Labore nemo blanditiis expedita est autem quia. Enim cum fugit voluptatem aut ea eius inventore. Commodi odio aut odit repellat et quibusdam in. Explicabo officia voluptatibus distinctio ea dignissimos explicabo corrupti.', '2018-08-11 04:38:29', '2018-08-11 04:38:29'),
(46, 8, 'Audrey Lynch', 'Philip Veum', 2016, 2018, 5.00, 4.00, 'Aut aut suscipit aspernatur eum voluptas vitae. Quae ipsam non eveniet similique.', '2018-08-11 04:38:29', '2018-08-11 04:38:29'),
(47, 10, 'Ansel Hilll', 'Kyler Emard', 2011, 2013, 3.00, 5.00, 'Qui ipsum minima et similique minima ipsa quia. Quia et officiis alias molestias. Sint alias perferendis qui corporis rem est. Consequatur quidem expedita saepe voluptatem ut ea hic maiores.', '2018-08-11 04:38:29', '2018-08-11 04:38:29'),
(48, 9, 'Diana Hahn II', 'Kian Kris DDS', 2014, 2011, 5.00, 4.00, 'Nesciunt quos sit eos vero laboriosam. Temporibus et quia suscipit molestias. Dolores maxime quia voluptatem ut.', '2018-08-11 04:38:29', '2018-08-11 04:38:29'),
(49, 7, 'Austyn Hagenes', 'Dr. Bernadine McGlynn', 2012, 2011, 3.00, 5.00, 'Hic nulla molestiae sit iste. Quas ut distinctio nulla et omnis minima. Earum adipisci quibusdam deserunt odit quae est. Consequatur soluta consectetur impedit dolor fugiat dolorem minus.', '2018-08-11 04:38:29', '2018-08-11 04:38:29'),
(50, 4, 'Carissa Dickens', 'Bradly Rogahn', 2011, 2014, 5.00, 4.00, 'Perspiciatis eligendi quibusdam at voluptatem minus. Qui vel beatae est rem nulla. Quis delectus velit placeat dolores animi veniam.', '2018-08-11 04:38:29', '2018-08-11 04:38:29'),
(51, 6, 'Hattie Pollich MD', 'Forrest Langworth PhD', 2014, 2013, 3.00, 4.00, 'In ut illo quae qui temporibus. Non a qui aliquid ipsam fuga quibusdam. Ut dicta sed quasi numquam. Qui sit consectetur aut ab.', '2018-08-11 04:38:29', '2018-08-11 04:38:29'),
(52, 10, 'Justen Goyette', 'Ludie Goyette', 2015, 2011, 3.00, 4.00, 'Est quam dolorum laudantium alias. Voluptas laboriosam voluptatem omnis perspiciatis non. Aut qui similique ea dolore enim excepturi adipisci. Maxime qui ipsa voluptatem cumque ut deleniti cumque.', '2018-08-11 04:38:29', '2018-08-11 04:38:29'),
(53, 4, 'Florencio Crona', 'Prof. Rodger Hilll V', 2012, 2018, 3.00, 4.00, 'Non quia omnis velit. Et maiores recusandae ut dolorem magnam repellat. Dolor harum quam cupiditate alias qui voluptatem iure.', '2018-08-11 04:38:29', '2018-08-11 04:38:29'),
(54, 5, 'Allison Weissnat', 'Aniyah Waelchi', 2012, 2017, 5.00, 5.00, 'Voluptas amet et laboriosam cumque. Ab eveniet cum blanditiis cum placeat quis. Enim doloremque vero rerum beatae quis.', '2018-08-11 04:38:29', '2018-08-11 04:38:29'),
(55, 4, 'Omer Kautzer IV', 'Keith Rohan', 2014, 2018, 4.00, 5.00, 'Est enim atque optio corrupti. Veritatis assumenda soluta saepe natus. Praesentium blanditiis quia excepturi quaerat et laboriosam cupiditate. Qui est unde eos id.', '2018-08-11 04:38:29', '2018-08-11 04:38:29'),
(56, 4, 'Grayce Dickinson Jr.', 'Dameon Conn II', 2017, 2016, 3.00, 5.00, 'Nihil aut non repellat minus tempore odio debitis. Maxime quia maxime sunt sequi accusamus voluptatum. In ad ut molestiae sit minus cupiditate ratione. Provident et et minus magni qui.', '2018-08-11 04:38:29', '2018-08-11 04:38:29'),
(57, 10, 'Heber McDermott', 'Kacey Sporer', 2013, 2018, 3.00, 5.00, 'Veniam temporibus sit repellendus. Soluta ut quaerat quae beatae. Nihil quia dolores doloribus tempora a eveniet consequatur. Et est unde ut vel quia sint dolor laboriosam. Voluptatem sit in non omnis.', '2018-08-11 04:38:29', '2018-08-11 04:38:29'),
(58, 1, 'Raina Bahringer', 'Pearlie Krajcik', 2015, 2012, 3.00, 4.00, 'Vel eveniet veritatis architecto iusto et. Est autem quaerat et aliquam. Voluptatem sed tempore est autem sed.', '2018-08-11 04:38:29', '2018-08-11 04:38:29'),
(59, 3, 'Prof. Pattie Waters Sr.', 'Eleanore Kling', 2017, 2011, 4.00, 4.00, 'Nesciunt mollitia accusantium dolor aliquid ut voluptates. Et corporis pariatur voluptatem mollitia. Dolorem quo sapiente beatae aut.', '2018-08-11 04:38:29', '2018-08-11 04:38:29'),
(60, 6, 'Lemuel Bosco', 'Gladyce Stamm', 2010, 2014, 3.00, 5.00, 'Doloremque ea vel consectetur est sapiente ipsum eum. Laboriosam quisquam ex provident amet et ratione sunt. Est at pariatur ipsam. Vero suscipit culpa quas cum voluptatum doloremque.', '2018-08-11 04:38:29', '2018-08-11 04:38:29'),
(61, 8, 'Israel Klocko I', 'Lou Davis', 2011, 2014, 3.00, 4.00, 'Vitae consectetur autem nemo sit natus. Ad voluptas impedit excepturi nihil quibusdam ut. Labore dignissimos quia quam repellendus enim. Minima rerum et asperiores quia aspernatur saepe.', '2018-08-11 04:38:29', '2018-08-11 04:38:29'),
(62, 8, 'Jamie Howe', 'Christy Cremin MD', 2015, 2018, 4.00, 4.00, 'Veritatis qui asperiores totam expedita sequi et vero. Recusandae velit dolorum rerum incidunt. Odit et aut qui perferendis qui. Repellat inventore ut dignissimos reprehenderit earum delectus.', '2018-08-11 04:38:29', '2018-08-11 04:38:29'),
(63, 4, 'Rigoberto Legros', 'Ava Hudson', 2015, 2014, 5.00, 4.00, 'Tempore dolorum sapiente ut qui vel amet unde aut. Unde veritatis temporibus perferendis consectetur quo quos. Enim quia sit voluptas recusandae voluptate corrupti dolor voluptates. Et similique quis possimus totam autem cum necessitatibus.', '2018-08-11 04:38:29', '2018-08-11 04:38:29'),
(64, 4, 'Mrs. Samanta Ankunding DDS', 'Dr. Wilhelm Ernser', 2010, 2018, 5.00, 5.00, 'Asperiores eius doloremque nostrum quisquam corrupti nihil itaque. Sit recusandae voluptas sint molestiae dolorem ullam est. Ipsum maiores amet sit magnam placeat hic. Ut quo praesentium cum inventore.', '2018-08-11 04:38:29', '2018-08-11 04:38:29'),
(65, 3, 'Prof. Abbie Hilll', 'Alva Renner MD', 2012, 2012, 4.00, 4.00, 'Quo saepe debitis odio blanditiis. Ea est necessitatibus est odit.', '2018-08-11 04:38:29', '2018-08-11 04:38:29'),
(66, 8, 'Imogene Rodriguez', 'Edythe Wiegand II', 2011, 2018, 3.00, 5.00, 'Consequuntur quisquam consequatur tempore qui. Eaque dolorem officia quo. Dolore ut iure sunt quis illum in voluptatem. Consequatur molestiae est et voluptas reiciendis et.', '2018-08-11 04:38:29', '2018-08-11 04:38:29'),
(67, 6, 'Mr. Kareem Glover Jr.', 'Prof. Stephanie Beatty III', 2014, 2016, 5.00, 5.00, 'Nulla ad illum vel. Nisi qui quibusdam ut molestiae ipsum quis. Quae delectus voluptatum ut saepe. Voluptatum nisi eveniet quaerat dolores. Id aut maxime iure quo voluptatem.', '2018-08-11 04:38:29', '2018-08-11 04:38:29'),
(68, 1, 'Donna Wiza', 'Garry Hudson', 2017, 2018, 5.00, 4.00, 'Cum quidem dolorum quo voluptatem occaecati sed. Qui cupiditate autem laborum expedita velit similique quibusdam. Similique dignissimos ipsum ut perspiciatis molestias.', '2018-08-11 04:38:29', '2018-08-11 04:38:29'),
(69, 8, 'Herman Zboncak', 'Amina Konopelski', 2014, 2017, 3.00, 5.00, 'Cumque autem culpa rerum. Minima laborum consequatur eos voluptas error. Eligendi odio ad dolores maiores. Amet sit nobis sunt.', '2018-08-11 04:38:29', '2018-08-11 04:38:29'),
(70, 10, 'Mazie Botsford V', 'Rocio Herman', 2012, 2011, 4.00, 4.00, 'Corporis recusandae sint sapiente vel. Saepe assumenda dolores magnam voluptas iusto. Vitae autem eos commodi necessitatibus. Magni debitis unde corrupti recusandae iste rerum quisquam.', '2018-08-11 04:38:29', '2018-08-11 04:38:29'),
(71, 5, 'Alyson Kling', 'Cornell Stracke DDS', 2012, 2018, 5.00, 5.00, 'Veniam dolorem tempore non doloremque. Voluptate rerum voluptatem dolor sint est nesciunt. Et fuga fugit odit et aut sunt quis repudiandae.', '2018-08-11 04:38:29', '2018-08-11 04:38:29'),
(72, 8, 'Prof. Brianne Roob', 'Miss Earlene Flatley PhD', 2017, 2014, 3.00, 4.00, 'Et nobis velit molestias tenetur et dolorem ea mollitia. Dolore consequuntur iusto minima et.', '2018-08-11 04:38:29', '2018-08-11 04:38:29'),
(73, 7, 'Cale Dooley', 'Mr. Giovanni Jacobson', 2017, 2016, 4.00, 5.00, 'Et enim quasi illo ut ab saepe hic. Magnam placeat voluptates aut aut omnis veniam.', '2018-08-11 04:38:29', '2018-08-11 04:38:29'),
(74, 6, 'Mr. Uriah McDermott III', 'Annetta Daugherty', 2011, 2011, 3.00, 5.00, 'Perferendis eum magnam non vitae voluptatem necessitatibus. Dolores eos quidem ipsa quam voluptatem similique. Ducimus sed harum sint amet eaque aut illum. Dolorem quae asperiores animi iure nihil.', '2018-08-11 04:38:29', '2018-08-11 04:38:29'),
(75, 10, 'Emerald Kohler', 'Alysha Kshlerin', 2017, 2011, 3.00, 4.00, 'Suscipit quaerat sequi facilis quod nihil quis nulla. Recusandae et tempore assumenda dolore quod.', '2018-08-11 04:38:29', '2018-08-11 04:38:29'),
(76, 5, 'Clemmie Langworth', 'Napoleon Schuster', 2011, 2016, 4.00, 4.00, 'Aut quia et pariatur vitae nihil. Illo sapiente iure hic iste aut. Expedita similique doloremque et deleniti. Nostrum modi et quas quisquam sit magnam delectus.', '2018-08-11 04:38:29', '2018-08-11 04:38:29'),
(77, 5, 'Orland Zboncak', 'Gust Senger', 2013, 2015, 3.00, 4.00, 'Aut ex at dicta fuga atque et. Perferendis nihil et nobis. Ab magni necessitatibus optio ipsam.', '2018-08-11 04:38:29', '2018-08-11 04:38:29'),
(78, 7, 'Celia Weissnat', 'Delphia Price Jr.', 2015, 2016, 3.00, 5.00, 'Impedit ut maxime ratione repellendus ut adipisci. Id tempore vel repellendus recusandae incidunt. Aut nulla dolor id impedit. Vitae fuga libero magnam optio eligendi ex. Quisquam sequi nobis assumenda esse odio.', '2018-08-11 04:38:29', '2018-08-11 04:38:29'),
(79, 10, 'Gladys Williamson', 'Juliana Bruen', 2017, 2011, 5.00, 4.00, 'Et quo voluptate ut magni dolorem sed. Voluptas ullam expedita placeat non veniam. Architecto et qui sed autem fuga. Voluptatibus cumque illo dolorem voluptas magnam rem aut voluptates.', '2018-08-11 04:38:29', '2018-08-11 04:38:29'),
(80, 4, 'Mr. Axel Ernser', 'Ms. Leda Ondricka', 2017, 2014, 4.00, 4.00, 'Nam qui iusto omnis hic. Consequatur perferendis rem voluptas aut laborum accusantium. Nulla suscipit laborum ad incidunt eligendi quisquam nam. Est quia numquam eum sit impedit.', '2018-08-11 04:38:29', '2018-08-11 04:38:29'),
(81, 2, 'Prof. Reta Frami', 'Zita Hansen', 2011, 2018, 3.00, 4.00, 'Doloremque aperiam ab tempore natus modi minus voluptatibus. Doloremque error quasi asperiores doloribus. Laborum assumenda explicabo qui cumque culpa.', '2018-08-11 04:38:29', '2018-08-11 04:38:29'),
(82, 5, 'Dr. Angelo Bayer I', 'Ida Flatley V', 2011, 2015, 4.00, 4.00, 'Eum deleniti aut modi quis. Fuga doloremque quasi quia qui enim. Commodi est facere ut quisquam omnis numquam.', '2018-08-11 04:38:29', '2018-08-11 04:38:29'),
(83, 1, 'Julio Towne', 'Dr. Bernice Corkery DVM', 2011, 2016, 5.00, 4.00, 'Porro voluptatem corrupti rem. Quia facere est et fugit expedita aliquam. Natus esse et quaerat ducimus corrupti suscipit. Et est unde architecto itaque fuga.', '2018-08-11 04:38:29', '2018-08-11 04:38:29'),
(84, 6, 'Guido Witting', 'Watson Smitham', 2013, 2012, 4.00, 4.00, 'Minus autem necessitatibus omnis. Impedit eveniet corrupti provident. Modi eum rem distinctio suscipit aut quaerat ea fuga. Aliquam nobis sunt blanditiis omnis earum soluta at quia. Molestiae dignissimos explicabo quis voluptatem quidem beatae harum consequuntur.', '2018-08-11 04:38:29', '2018-08-11 04:38:29'),
(85, 8, 'Ettie Gibson', 'Mr. Halle Larson PhD', 2011, 2012, 5.00, 5.00, 'Deleniti sapiente consequatur enim libero et in placeat. Laborum est saepe natus voluptas aliquid sint magnam omnis. Non aliquid voluptas voluptates. Expedita excepturi non temporibus ex.', '2018-08-11 04:38:29', '2018-08-11 04:38:29'),
(86, 1, 'Mrs. Liliana Dickinson DDS', 'Garrett Osinski', 2013, 2011, 5.00, 4.00, 'Sint qui qui quibusdam quaerat quia. At similique in assumenda error. Non molestias sunt iusto expedita eum vitae perspiciatis. Omnis voluptatum eos quis reprehenderit.', '2018-08-11 04:38:29', '2018-08-11 04:38:29'),
(87, 7, 'Mr. Jamey Nicolas', 'Caden Johnson DDS', 2013, 2012, 3.00, 4.00, 'Ea nulla saepe voluptates possimus. Ut quis velit ut laudantium molestias. Dignissimos reprehenderit saepe ea sequi odit qui. Sequi cumque minima est neque quos nostrum cum. Soluta consequuntur ea aspernatur qui quo aliquam.', '2018-08-11 04:38:29', '2018-08-11 04:38:29'),
(88, 6, 'Prof. Trace Spencer', 'Mr. Hugh Moen MD', 2010, 2016, 5.00, 5.00, 'Voluptas ea sint aspernatur laboriosam voluptatem sed non. Eveniet praesentium numquam corporis voluptas dicta libero. Aspernatur dolor odit sit qui et itaque. Nisi excepturi et porro voluptatem tenetur sint mollitia.', '2018-08-11 04:38:29', '2018-08-11 04:38:29'),
(89, 4, 'Nina McDermott IV', 'Wayne Dicki IV', 2016, 2017, 4.00, 4.00, 'Molestiae libero sit recusandae sit. Tempore distinctio veniam voluptatem maxime consequatur magni. Sed est officia sit eum id. Atque consectetur ad soluta neque.', '2018-08-11 04:38:29', '2018-08-11 04:38:29'),
(90, 4, 'Maxine Smith DDS', 'Jarret Kulas DDS', 2011, 2018, 3.00, 5.00, 'Ut distinctio ex similique. Officiis impedit culpa ipsum eaque cupiditate quam sequi consequatur. Nesciunt itaque non eveniet est.', '2018-08-11 04:38:29', '2018-08-11 04:38:29'),
(91, 9, 'Nina Dietrich', 'Jovan Predovic Sr.', 2015, 2014, 5.00, 5.00, 'Est reprehenderit maiores sit ut aut voluptas. Accusamus assumenda modi et et fugiat omnis eos. Et voluptatem culpa illo quia.', '2018-08-11 04:38:29', '2018-08-11 04:38:29'),
(92, 3, 'Jeffrey Jerde', 'Scot Bednar', 2010, 2015, 5.00, 5.00, 'Non odio sint eaque exercitationem eum eius. Enim rerum consequatur est est autem amet nihil est. Harum nam sint et reprehenderit omnis. Iure rerum omnis laudantium est omnis sit.', '2018-08-11 04:38:29', '2018-08-11 04:38:29'),
(93, 8, 'Ryann Veum', 'Araceli Lehner', 2014, 2015, 4.00, 4.00, 'Nulla veritatis maiores expedita non. Ut consequuntur repellendus velit animi asperiores tempore exercitationem dolor. Cumque earum eum quia iusto officiis aut omnis.', '2018-08-11 04:38:29', '2018-08-11 04:38:29'),
(94, 7, 'Marlin Blanda MD', 'Prof. Kale Nolan DDS', 2017, 2013, 3.00, 5.00, 'Non dolor distinctio modi adipisci iusto consequuntur rerum illum. Est quia in sit voluptas qui rerum itaque. Illo est asperiores error voluptatibus. Vitae dolores eaque corrupti voluptatem.', '2018-08-11 04:38:29', '2018-08-11 04:38:29'),
(95, 7, 'Mrs. Jennifer Klocko DDS', 'Dr. Dejah Hills', 2012, 2017, 4.00, 5.00, 'Ut explicabo ut officiis dolor. Fuga harum distinctio hic. Laudantium laboriosam rem suscipit libero consequuntur.', '2018-08-11 04:38:29', '2018-08-11 04:38:29'),
(96, 4, 'Cleora Nikolaus', 'Hunter McLaughlin', 2011, 2017, 3.00, 4.00, 'Doloremque repellat similique quaerat. Ratione itaque sint atque porro. Eius dolor et aut excepturi in quo.', '2018-08-11 04:38:29', '2018-08-11 04:38:29'),
(97, 9, 'Camden Blick', 'Annabel Volkman', 2017, 2015, 4.00, 4.00, 'Deleniti unde animi quis praesentium. Beatae pariatur possimus quis. Aliquid nihil necessitatibus hic nostrum. Et sit quibusdam cum consectetur repellat.', '2018-08-11 04:38:29', '2018-08-11 04:38:29'),
(98, 4, 'Jason Kessler', 'Prof. Bernard Lakin', 2015, 2018, 5.00, 5.00, 'Quas qui voluptas perferendis reprehenderit eveniet sint itaque. Mollitia voluptatum est nisi sunt blanditiis aut.', '2018-08-11 04:38:29', '2018-08-11 04:38:29'),
(99, 8, 'Jameson Rippin', 'Randall Feest', 2010, 2014, 4.00, 4.00, 'Aut et non ut sequi id sit. Quas quidem eos modi. Quia tempore delectus voluptatem assumenda. Expedita quod provident eaque suscipit fugiat dolorem.', '2018-08-11 04:38:29', '2018-08-11 04:38:29'),
(100, 1, 'Camilla Muller', 'Gage Murphy', 2010, 2017, 3.00, 4.00, 'Rem reprehenderit qui impedit voluptas. Illo eum eligendi veritatis odio libero sit dicta. Fugit dolore aspernatur dolorem eos.', '2018-08-11 04:38:29', '2018-08-11 04:38:29'),
(101, 11, 'Kanchpur Omar Ali high School', 'SSC', 2009, 2011, 5.00, 5.00, 'A good school with minimum extra curricular activities', '2018-08-11 19:50:08', '2018-08-11 19:50:08'),
(102, 11, 'Dania College', 'HSC', 2018, 2024, 5.00, 5.00, 'Nothing new', '2018-08-11 19:51:53', '2018-08-11 19:51:53');

-- --------------------------------------------------------

--
-- Table structure for table `experiences`
--

CREATE TABLE `experiences` (
  `id` int(10) UNSIGNED NOT NULL,
  `user_id` int(11) NOT NULL,
  `role` varchar(191) COLLATE utf8mb4_unicode_ci NOT NULL,
  `company` varchar(191) COLLATE utf8mb4_unicode_ci NOT NULL,
  `start_year` int(11) DEFAULT NULL,
  `end_year` int(11) DEFAULT NULL,
  `description` text COLLATE utf8mb4_unicode_ci NOT NULL,
  `created_at` timestamp NULL DEFAULT NULL,
  `updated_at` timestamp NULL DEFAULT NULL
) ENGINE=InnoDB DEFAULT CHARSET=utf8mb4 COLLATE=utf8mb4_unicode_ci;

--
-- Dumping data for table `experiences`
--

INSERT INTO `experiences` (`id`, `user_id`, `role`, `company`, `start_year`, `end_year`, `description`, `created_at`, `updated_at`) VALUES
(1, 7, 'Gerson Willms', 'Dr. Waldo Feeney V', 2014, 2015, 'Neque veritatis nobis labore dolore. Voluptatum odit et placeat provident aut excepturi pariatur.', '2018-08-11 04:38:29', '2018-08-11 04:38:29'),
(2, 2, 'Dr. Garrick Heaney', 'Telly Marvin Sr.', 2014, 2013, 'Aspernatur quidem odit velit nemo. Rerum dolorem aut dolorem quae itaque. Voluptatibus ratione aspernatur vitae ad debitis eligendi.', '2018-08-11 04:38:29', '2018-08-11 04:38:29'),
(3, 5, 'Marielle Weber', 'Jonas Friesen', 2015, 2010, 'Et quo veritatis dolor ea aut. Expedita repudiandae dolor doloribus earum quis est. Quibusdam quo rem doloribus voluptas consequuntur.', '2018-08-11 04:38:29', '2018-08-11 04:38:29'),
(4, 2, 'Mrs. Mattie Koepp DVM', 'Maxwell Rippin', 2010, 2010, 'Aliquid illum doloribus fugit fugit. Dignissimos rerum amet et vel quia ipsa. Temporibus ab deleniti sint enim.', '2018-08-11 04:38:29', '2018-08-11 04:38:29'),
(5, 6, 'Mike Daugherty', 'Prof. Sydni Pfeffer', 2010, 2014, 'Enim ut ullam error vero rerum consequuntur. Aut voluptatem amet sit nobis nam. Distinctio quia voluptate autem commodi omnis distinctio est. Sit omnis quasi dolor maiores tempora deserunt.', '2018-08-11 04:38:29', '2018-08-11 04:38:29'),
(6, 3, 'Malika Kuhlman', 'Prof. Travon Dare', 2015, 2010, 'Ullam reiciendis est delectus odit doloribus ut. Iure earum perferendis quos similique vero dolorem. Eaque reiciendis sunt voluptates error commodi.', '2018-08-11 04:38:29', '2018-08-11 04:38:29'),
(7, 1, 'Dr. Hilario Lind V', 'Prof. Agustin Kuvalis', 2013, 2013, 'Nostrum ea veniam illo ex deleniti est veniam. Totam tempora exercitationem occaecati perspiciatis et. Possimus omnis rerum fugit provident vero.', '2018-08-11 04:38:29', '2018-08-11 04:38:29'),
(8, 2, 'Piper Morar', 'Selmer Barrows', 2010, 2011, 'Dolores voluptas occaecati molestiae voluptatibus. Voluptatibus ut cum aut molestiae aut quia. Quibusdam laborum aut odio veritatis accusamus recusandae molestias non. Eaque quae harum itaque suscipit adipisci.', '2018-08-11 04:38:29', '2018-08-11 04:38:29'),
(9, 3, 'Carlotta D\'Amore', 'Jefferey Bode', 2010, 2016, 'Et enim inventore culpa vel. Vitae assumenda non quis ad ad et. Aspernatur sit asperiores dignissimos dicta ratione.', '2018-08-11 04:38:29', '2018-08-11 04:38:29'),
(10, 7, 'Prof. Raoul Kuvalis Jr.', 'Efren Emmerich', 2016, 2013, 'Vitae itaque omnis iure minus. Nobis voluptatibus rem laudantium dolores corporis deleniti. Nam et alias id fugiat non ea. Asperiores in eum cumque rerum non saepe.', '2018-08-11 04:38:29', '2018-08-11 04:38:29'),
(11, 9, 'Ashleigh Gerlach', 'Mr. Elmore Hudson', 2014, 2012, 'Sed aliquam quas architecto. Officiis sed a dolor repellendus nisi perspiciatis enim. Sapiente et provident repellat saepe sed ipsam. Voluptates veritatis ut voluptatum quae.', '2018-08-11 04:38:29', '2018-08-11 04:38:29'),
(12, 2, 'Prof. Jennyfer Prohaska MD', 'Prof. Natalie D\'Amore', 2016, 2015, 'In cum neque ipsa non. Quia incidunt officiis aspernatur consequuntur. Et ab voluptatum possimus molestias commodi quo.', '2018-08-11 04:38:29', '2018-08-11 04:38:29'),
(13, 9, 'Prof. Nicklaus Hermiston Sr.', 'Dr. Laron Ebert III', 2012, 2015, 'Laboriosam corrupti perferendis adipisci porro eligendi. Deserunt porro quo quos delectus dolorem. Et nesciunt rerum qui. Ut mollitia occaecati distinctio dolorem.', '2018-08-11 04:38:29', '2018-08-11 04:38:29'),
(14, 4, 'Loyce Wyman', 'Moriah Johnson', 2011, 2013, 'Quia aut quidem ut et tenetur soluta consequatur. Aut nesciunt nihil ab quas qui et. Quae neque amet voluptatibus repellendus. Ducimus ut sint odio consequatur iure.', '2018-08-11 04:38:29', '2018-08-11 04:38:29'),
(15, 8, 'Dr. Janelle Ortiz V', 'Harmon Carroll', 2010, 2011, 'Blanditiis est ea itaque voluptatem labore voluptatem voluptatum. Et saepe ipsum aut impedit. Delectus quas numquam quaerat excepturi quos et harum quo.', '2018-08-11 04:38:29', '2018-08-11 04:38:29'),
(16, 5, 'Daron Pacocha', 'Margarita Macejkovic', 2016, 2013, 'Recusandae beatae ut natus dolor perferendis. Qui non et temporibus minus sint iusto. Cupiditate et est temporibus quia iste.', '2018-08-11 04:38:29', '2018-08-11 04:38:29'),
(17, 7, 'Ewell Sawayn', 'Broderick Halvorson', 2011, 2017, 'Deserunt vero molestiae hic aut consequatur dolore. Architecto provident eos est debitis odio rerum. Vel blanditiis facere deserunt possimus ea cupiditate.', '2018-08-11 04:38:29', '2018-08-11 04:38:29'),
(18, 10, 'Vena Mills', 'Jack Graham', 2012, 2017, 'Ipsum et veritatis dolores. Nemo cum aut id cum incidunt cupiditate dicta. Et non repudiandae enim eum ipsum et quis. Eaque odio accusantium aut est animi provident.', '2018-08-11 04:38:29', '2018-08-11 04:38:29'),
(19, 9, 'Chance Emmerich IV', 'Alicia Hilpert Jr.', 2017, 2010, 'Quae optio nostrum et ullam facere. Possimus veniam distinctio asperiores quibusdam veniam. Ut quia est commodi eos eius sed nesciunt quidem.', '2018-08-11 04:38:29', '2018-08-11 04:38:29'),
(20, 9, 'Mae Bauch', 'Tressie Bernhard', 2012, 2013, 'Iusto distinctio iste aliquid. Quisquam facilis fuga autem id qui dolore. Voluptatum aut libero est est eveniet. Porro quia neque est cupiditate quia.', '2018-08-11 04:38:29', '2018-08-11 04:38:29'),
(21, 1, 'Angelita Upton', 'Brett Homenick', 2010, 2016, 'Eos veniam minus odit. Voluptatum qui dolores assumenda praesentium saepe. Consequatur fuga numquam ad ut voluptatem.', '2018-08-11 04:38:29', '2018-08-11 04:38:29'),
(22, 6, 'Dr. Elisabeth Kuhlman II', 'Dr. Ryann Dickinson', 2014, 2014, 'Minima delectus in debitis est quos. Aliquid sequi aspernatur odio consequatur quaerat. Est cum molestias perspiciatis. Ullam facere sunt perspiciatis enim consequuntur.', '2018-08-11 04:38:29', '2018-08-11 04:38:29'),
(23, 7, 'Hillary Ferry', 'Dixie Quigley I', 2017, 2011, 'Corporis dicta quia consequatur optio adipisci. At accusamus delectus eius voluptatem velit. Officiis est illo nisi nulla et ratione.', '2018-08-11 04:38:29', '2018-08-11 04:38:29'),
(24, 2, 'Taurean Willms', 'Braulio Hoeger', 2011, 2010, 'Eius quas provident illo quidem. Explicabo nihil aut nemo ipsum. Mollitia nisi aut nisi pariatur ut ullam cum.', '2018-08-11 04:38:29', '2018-08-11 04:38:29'),
(25, 2, 'Lauretta Rosenbaum', 'Keanu Wyman', 2013, 2012, 'Laboriosam sed impedit molestias quidem dignissimos quibusdam dolore. Ipsum amet odio voluptas totam et. Sit tempora consequatur iusto ut quo et.', '2018-08-11 04:38:29', '2018-08-11 04:38:29'),
(26, 7, 'Carolanne Friesen', 'Kiera Kuhic', 2012, 2014, 'Qui aliquam ea iusto quo tempore adipisci. Sed laboriosam rerum voluptatum veniam nihil. Voluptas natus cum eius qui omnis eos exercitationem. Voluptatem id ut quos et nostrum.', '2018-08-11 04:38:29', '2018-08-11 04:38:29'),
(27, 8, 'Vivien Hyatt', 'Pablo Nolan', 2013, 2016, 'Ut dolore aliquid non et modi. Exercitationem voluptatem et dolorem voluptate voluptatem.', '2018-08-11 04:38:29', '2018-08-11 04:38:29'),
(28, 5, 'Prof. Manley Green IV', 'Ruben Sipes', 2014, 2011, 'Dolorem odio explicabo omnis est voluptates quia. Magni non iure commodi eum dolorem. Dolorum minima cumque suscipit omnis adipisci.', '2018-08-11 04:38:29', '2018-08-11 04:38:29'),
(29, 4, 'Devin Wehner', 'Chaz Franecki IV', 2015, 2013, 'Recusandae perferendis qui exercitationem quisquam et fugit quae. Officia molestiae esse fugit. Animi consequatur voluptatem a eum ipsum ea.', '2018-08-11 04:38:29', '2018-08-11 04:38:29'),
(30, 8, 'Esta Kozey', 'Johathan Kovacek', 2012, 2014, 'Ut laboriosam quia laboriosam asperiores. Impedit voluptatem nihil ut natus. Amet libero ab quas est et veritatis omnis sunt. Et officia beatae ducimus sint sit deleniti.', '2018-08-11 04:38:29', '2018-08-11 04:38:29'),
(31, 6, 'Queenie Treutel', 'Mr. Casimir Howell', 2016, 2014, 'Est facere fugiat est laboriosam dolorem totam est doloremque. Dolor laboriosam id dolor dolor. Culpa magnam error perspiciatis unde.', '2018-08-11 04:38:29', '2018-08-11 04:38:29'),
(32, 1, 'Prof. Brian Bauch', 'Prof. Irwin Kohler', 2017, 2014, 'Deleniti voluptatem doloribus nobis. Placeat repudiandae modi sit quos. Nulla unde qui facilis et sunt veniam. Repellendus ut eum ad repellendus laboriosam et.', '2018-08-11 04:38:29', '2018-08-11 04:38:29'),
(33, 1, 'Janie Erdman', 'Sam Stoltenberg', 2017, 2010, 'Ratione alias quae cupiditate quo cum. Fuga quia nihil laborum sequi dolores. Temporibus esse quis quo ex molestiae laboriosam.', '2018-08-11 04:38:29', '2018-08-11 04:38:29'),
(34, 1, 'Miss Araceli Bashirian', 'Selina Mitchell', 2011, 2014, 'Est distinctio sunt voluptas dolor esse et suscipit aut. Voluptas ratione nihil fuga aut. Sequi aut non recusandae quia corrupti necessitatibus in. Et odit cum animi suscipit.', '2018-08-11 04:38:29', '2018-08-11 04:38:29'),
(35, 1, 'Mr. Desmond Bahringer', 'Audreanne Gutkowski', 2011, 2015, 'Sint rerum nobis fugit quisquam sed commodi magni. Ullam voluptas quo saepe qui et. Et numquam sapiente quidem enim quibusdam aliquid assumenda eius. Tenetur libero dolorem in quidem iusto quo.', '2018-08-11 04:38:29', '2018-08-11 04:38:29'),
(36, 5, 'Logan Stanton DVM', 'Dr. Ophelia Hamill', 2011, 2016, 'Sunt voluptatem sit architecto quis ea. Est nihil autem soluta et.', '2018-08-11 04:38:29', '2018-08-11 04:38:29'),
(37, 4, 'Baby Harvey', 'Elza Ryan II', 2016, 2015, 'Aut quasi quasi commodi. Ut cum qui et ipsam. Eius aliquam ut consequuntur.', '2018-08-11 04:38:29', '2018-08-11 04:38:29'),
(38, 5, 'Vida Bernhard', 'Meredith Von', 2011, 2016, 'Error hic et pariatur ex. Error maxime nobis aut dolor. Saepe quia eos consequatur ullam nisi veniam.', '2018-08-11 04:38:29', '2018-08-11 04:38:29'),
(39, 6, 'Mackenzie Brakus', 'Prof. Abe Conroy', 2017, 2016, 'Ut nihil dicta sit illo. Qui optio facere sint. Non temporibus dolores rem ut.', '2018-08-11 04:38:29', '2018-08-11 04:38:29'),
(40, 2, 'Mrs. Dana Strosin', 'Quinn Farrell', 2016, 2016, 'Animi aliquam qui nam ipsam tempora totam. Unde et voluptatibus aperiam et debitis corrupti. Quae dolores eius aspernatur eum. Porro fuga dolores quos rerum eum.', '2018-08-11 04:38:29', '2018-08-11 04:38:29'),
(41, 4, 'Mariam Collier DVM', 'Albert Thiel', 2013, 2013, 'Impedit aperiam eum consequatur est similique est sequi natus. Deleniti doloremque eum tempore ipsa ea repudiandae expedita.', '2018-08-11 04:38:29', '2018-08-11 04:38:29'),
(42, 7, 'Dr. Tyree Buckridge Sr.', 'Sid Hilll', 2012, 2015, 'Ex aliquid sunt repudiandae quod. Voluptas reiciendis eligendi eius harum hic. Ab non aperiam numquam aliquam et delectus. Dolorum distinctio non ipsa exercitationem dolores soluta.', '2018-08-11 04:38:29', '2018-08-11 04:38:29'),
(43, 8, 'Mrs. Maud Morissette', 'Camylle Rice III', 2017, 2016, 'Tempora error quia amet repellendus illum asperiores qui. Dolor officia similique ut fugit nihil consequuntur pariatur. Minus non nihil qui maiores.', '2018-08-11 04:38:29', '2018-08-11 04:38:29'),
(44, 7, 'Eliezer Langworth', 'Teagan Fay', 2015, 2012, 'Totam aut vel officiis assumenda repellendus. Blanditiis velit autem et. Iusto iure qui modi nulla laudantium natus.', '2018-08-11 04:38:29', '2018-08-11 04:38:29'),
(45, 6, 'Mr. Rowan Crooks III', 'Juston Kuhn', 2013, 2014, 'Rerum dolore dolorem alias autem eaque. Cum nam tempora earum est. Illo aut ut cupiditate atque.', '2018-08-11 04:38:29', '2018-08-11 04:38:29'),
(46, 6, 'Dianna Marks', 'Domenick Collier', 2010, 2016, 'Ut nostrum dolorem tempore omnis. Quia quibusdam inventore iure voluptate. Nulla est dignissimos cumque veritatis dolorem et aut. Eos rem fuga nisi commodi saepe id.', '2018-08-11 04:38:29', '2018-08-11 04:38:29'),
(47, 1, 'Trey Becker IV', 'Coralie Weimann', 2010, 2010, 'Recusandae ab dolorem ducimus eaque quasi nihil. Cum est et ut est natus. Consequatur ipsam quasi dolorem consectetur. Harum et magnam inventore est. Voluptatem qui et fuga placeat tempora ratione.', '2018-08-11 04:38:29', '2018-08-11 04:38:29'),
(48, 5, 'Mr. Modesto Emard', 'Lavon Hoeger', 2010, 2011, 'Quidem quis maxime officiis amet quas eum asperiores. Dignissimos voluptatum dicta quasi debitis fugiat cumque quos quaerat.', '2018-08-11 04:38:29', '2018-08-11 04:38:29'),
(49, 1, 'Kyla Nader', 'Prof. Jermey Hansen', 2014, 2014, 'Est non voluptas provident consequuntur eaque fuga. Autem blanditiis quibusdam blanditiis qui ad ullam voluptatum. Rerum quas et dignissimos consequuntur consectetur suscipit. Id et atque eaque asperiores expedita qui ducimus.', '2018-08-11 04:38:29', '2018-08-11 04:38:29'),
(50, 8, 'Ms. Zelma Raynor V', 'Kenyatta Rogahn', 2015, 2011, 'Maiores inventore quia assumenda odit enim similique dolores error. Tempora minus inventore excepturi adipisci. Delectus ratione consequatur vel culpa et nemo et. Hic autem nisi voluptate ex reiciendis.', '2018-08-11 04:38:29', '2018-08-11 04:38:29'),
(51, 7, 'Mayra Frami MD', 'Angus Dare', 2017, 2017, 'Numquam eius et ut aut amet consequatur debitis. Minus suscipit vel quia quia alias molestiae. Quidem excepturi corporis at esse neque fugiat. Similique dolores quis eaque et vero pariatur.', '2018-08-11 04:38:29', '2018-08-11 04:38:29'),
(52, 7, 'Brooklyn Orn', 'Benton Stehr', 2016, 2016, 'Iusto pariatur voluptate vel vel. Dolor voluptatum eum voluptatibus dolor aut est. Eum quidem veritatis mollitia laboriosam repudiandae culpa eum.', '2018-08-11 04:38:29', '2018-08-11 04:38:29'),
(53, 1, 'Leola McClure', 'Yazmin Wisoky', 2014, 2016, 'Sed eos aliquid quas quam odit sed nihil. Nam dolorum consectetur repudiandae sequi eos. Aliquam enim necessitatibus est rem. Sint numquam totam itaque cupiditate necessitatibus.', '2018-08-11 04:38:29', '2018-08-11 04:38:29'),
(54, 7, 'Frank Schowalter', 'Mr. Gage Hagenes', 2014, 2011, 'Dolor molestias dolor nihil nihil ut. Est debitis sed aut et nam. Vitae sunt sit ex debitis. Vel et rerum odit optio.', '2018-08-11 04:38:29', '2018-08-11 04:38:29'),
(55, 5, 'Ms. Rebeka Daugherty II', 'Ken Wiegand', 2010, 2011, 'Atque corrupti voluptas eligendi iure. Quidem et at sapiente vel commodi voluptatem. Iusto sit exercitationem enim soluta. Et est nobis quia aut voluptatibus velit.', '2018-08-11 04:38:29', '2018-08-11 04:38:29'),
(56, 1, 'Guiseppe West', 'Miss Aracely Braun', 2017, 2017, 'Soluta amet quia ipsam modi. Dicta et sit delectus nulla fugiat iste sint. Molestiae ut mollitia vero esse aliquid. Id eius et facilis voluptatibus quia.', '2018-08-11 04:38:29', '2018-08-11 04:38:29'),
(57, 1, 'Odie Flatley Jr.', 'Johanna Streich II', 2012, 2013, 'In totam et mollitia autem numquam. Vero consequatur qui eos repudiandae dolore hic. Consequatur eaque culpa doloribus delectus odio beatae aliquid. Atque distinctio est voluptate earum.', '2018-08-11 04:38:29', '2018-08-11 04:38:29'),
(58, 4, 'Cindy Schmeler', 'Renee Morar', 2010, 2010, 'Assumenda aut voluptas quia laboriosam quaerat. Qui a architecto consequuntur. Esse qui sed recusandae excepturi inventore cumque. Fugiat ea eveniet maxime voluptatem rem.', '2018-08-11 04:38:29', '2018-08-11 04:38:29'),
(59, 3, 'Dr. Roman Wunsch', 'Dr. Marcella McCullough DDS', 2013, 2014, 'Inventore unde quia sed maxime quia. Et odio et recusandae rem. Maxime sed voluptatibus sit mollitia est pariatur.', '2018-08-11 04:38:29', '2018-08-11 04:38:29'),
(60, 3, 'Miss Luna Mraz DDS', 'Ms. Charlene Nader III', 2012, 2017, 'Ullam provident eligendi fuga nisi similique officiis. Nostrum iure veniam quam soluta iste et. Iusto omnis reiciendis neque ea aut.', '2018-08-11 04:38:29', '2018-08-11 04:38:29'),
(61, 7, 'Prof. Merl Bruen DVM', 'Prof. Jeremie Wiza DDS', 2015, 2010, 'Quam est quis suscipit cum ad in. Quis dolorem quasi ea deleniti accusamus sint aut. Fuga aliquam eius nobis numquam. Beatae iusto voluptatum minima voluptatem reprehenderit exercitationem. Et quia dignissimos maiores ullam accusamus.', '2018-08-11 04:38:29', '2018-08-11 04:38:29'),
(62, 1, 'Earlene Lockman Jr.', 'Dr. Wilson Krajcik Jr.', 2010, 2014, 'Quod culpa est quibusdam. Animi aspernatur eum aspernatur consequuntur mollitia. Dignissimos quia natus et sed rerum. Beatae veritatis et dolorum quia.', '2018-08-11 04:38:29', '2018-08-11 04:38:29'),
(63, 4, 'Quentin Ziemann', 'Dr. Chauncey Lind', 2017, 2014, 'Ullam ullam non deserunt excepturi adipisci nobis velit. Ut nemo deleniti quisquam ut quod. Similique sed quod possimus voluptatem voluptas consequuntur. Architecto nisi ab asperiores.', '2018-08-11 04:38:29', '2018-08-11 04:38:29'),
(64, 7, 'Monica Denesik', 'Dr. Christina Ziemann DDS', 2011, 2013, 'Nemo expedita est hic. Molestiae commodi dolores alias labore facere. Maxime voluptas occaecati neque ad fugiat quia. Voluptatem nihil vitae doloremque dolores qui neque in.', '2018-08-11 04:38:29', '2018-08-11 04:38:29'),
(65, 8, 'Christiana Gleason', 'Mrs. Jacynthe Trantow DDS', 2013, 2016, 'Laboriosam aperiam velit cumque unde deserunt aut velit molestiae. Aut autem quam et omnis. Quasi harum iure autem facere voluptates eum.', '2018-08-11 04:38:29', '2018-08-11 04:38:29'),
(66, 2, 'Prof. Miles Wolff', 'Reva Hyatt DVM', 2014, 2014, 'Quia minima ut ut quia qui. Nobis non non dolor.', '2018-08-11 04:38:29', '2018-08-11 04:38:29'),
(67, 1, 'Mr. Casimir Hoeger', 'Mr. Roger Blanda PhD', 2011, 2015, 'Unde quia officia porro pariatur ratione dolorum ducimus. Nobis vel quod eos qui sequi. Iusto maxime numquam recusandae laudantium nisi est vitae impedit. Molestiae voluptatem non libero.', '2018-08-11 04:38:29', '2018-08-11 04:38:29'),
(68, 7, 'Stanton Veum', 'Giovanna O\'Keefe', 2012, 2010, 'Maiores voluptatum quos ex ut beatae. Ut quis nemo assumenda id magni vero dolor. Quia animi mollitia illo ipsum. Qui assumenda dolorem veniam.', '2018-08-11 04:38:29', '2018-08-11 04:38:29'),
(69, 9, 'Millie Schmidt I', 'Santiago Cruickshank', 2016, 2014, 'Dolores maiores in rerum ut occaecati magnam et. Dolorem rerum voluptatem amet distinctio rem nihil. Odit dolorem sint omnis rerum dicta iure commodi. Eum laborum consequatur recusandae atque.', '2018-08-11 04:38:29', '2018-08-11 04:38:29'),
(70, 5, 'Prof. Jamel Daugherty II', 'Trystan Zulauf', 2016, 2013, 'Repudiandae placeat nulla similique et voluptatum alias non laudantium. Et eligendi eius veniam natus laboriosam ut aliquam quo. Odit vero quasi alias tempore. Aliquam dicta aut voluptatibus.', '2018-08-11 04:38:29', '2018-08-11 04:38:29'),
(71, 3, 'Jany Hahn', 'Evelyn Baumbach MD', 2012, 2016, 'Culpa ut reiciendis odit consequatur voluptatibus ut est. Perferendis et commodi dicta exercitationem. Maxime vitae sequi nam et sed.', '2018-08-11 04:38:29', '2018-08-11 04:38:29'),
(72, 5, 'Alanna Feil', 'Vickie Casper I', 2015, 2010, 'Non eum nostrum praesentium. Quis voluptatem autem ut sequi molestiae quia voluptatem. Est iste et rem est aut quasi. Quaerat quam suscipit nihil eum eveniet sed aut.', '2018-08-11 04:38:29', '2018-08-11 04:38:29'),
(73, 3, 'Mr. Tyrell Bruen I', 'Kristofer Pouros', 2017, 2010, 'Velit sed aut dolore sunt hic non itaque. Voluptas ipsa aperiam asperiores nemo.', '2018-08-11 04:38:29', '2018-08-11 04:38:29'),
(74, 10, 'Dr. Ora Quigley', 'Bradford Hyatt', 2011, 2011, 'Est voluptate aliquid velit magnam voluptas delectus. Est beatae velit tempore repellendus nihil consequatur. Dignissimos id unde dolor omnis ipsum cumque. Similique sapiente eveniet dolorem id.', '2018-08-11 04:38:29', '2018-08-11 04:38:29'),
(75, 3, 'Braden Kutch', 'Ludwig Harber V', 2010, 2016, 'Et commodi omnis et molestiae rerum architecto quidem. Exercitationem quibusdam rem nesciunt dignissimos.', '2018-08-11 04:38:29', '2018-08-11 04:38:29'),
(76, 3, 'Suzanne Thompson', 'Mrs. Tina Lockman', 2017, 2010, 'Aliquid mollitia quasi provident qui aut. Tempora neque id sequi voluptatum quas. Minima soluta quisquam dolore mollitia ullam distinctio.', '2018-08-11 04:38:29', '2018-08-11 04:38:29'),
(77, 4, 'Dr. Delilah Satterfield', 'Wilber Feest', 2015, 2014, 'Tenetur velit sed esse dicta ab. Inventore nam incidunt hic aut et. Rem provident temporibus minima ut amet consequatur. Voluptatum asperiores enim ut quod sed non.', '2018-08-11 04:38:29', '2018-08-11 04:38:29'),
(78, 1, 'Jan Wisoky', 'Dave Haley', 2016, 2013, 'Ab sequi ad occaecati pariatur. Est quidem iure atque corporis est in. Suscipit voluptatibus sed autem vero eveniet.', '2018-08-11 04:38:29', '2018-08-11 04:38:29'),
(79, 6, 'Micheal West V', 'Valentine Reinger', 2015, 2012, 'Placeat ut ab quos eum voluptatem totam. Et vel quo ut dicta. Optio temporibus velit quas alias eum. Exercitationem perspiciatis cumque sequi reiciendis et cupiditate ipsa.', '2018-08-11 04:38:29', '2018-08-11 04:38:29'),
(80, 4, 'Kathlyn Hermiston', 'Bernadette Kassulke', 2011, 2016, 'Ea vero dolores voluptatem vel minima eaque. Ex autem provident qui laboriosam vitae dolorem. Velit corporis ea molestiae est atque id fuga.', '2018-08-11 04:38:29', '2018-08-11 04:38:29'),
(81, 2, 'Jaron Anderson', 'Miss Alyce Wisoky', 2011, 2014, 'Quasi voluptatem maxime voluptatibus modi illum in enim illo. Aut aut in non necessitatibus. Quisquam ut consequatur quia iure dignissimos esse natus ea. Fugit aut ab qui et impedit iure.', '2018-08-11 04:38:29', '2018-08-11 04:38:29'),
(82, 4, 'Lucie Harvey', 'Prof. Josh Sauer', 2017, 2013, 'Fuga qui aspernatur similique labore dolor odit vitae eius. Doloremque reiciendis ratione molestiae. Dolore cum quo quia et esse. Quae doloribus sint deleniti et itaque nostrum.', '2018-08-11 04:38:29', '2018-08-11 04:38:29'),
(83, 4, 'Norene Terry', 'Marcus Schultz', 2016, 2015, 'Repudiandae laudantium modi fugiat doloremque. Quidem in aut quod.', '2018-08-11 04:38:29', '2018-08-11 04:38:29'),
(84, 7, 'Josh Botsford', 'Prof. Bobbie Greenholt MD', 2011, 2012, 'Explicabo laboriosam quis voluptatem. Ducimus dolorum sint reiciendis. Sed voluptatum nam consequatur ullam quos unde. Omnis soluta tempore nostrum odit repellendus.', '2018-08-11 04:38:29', '2018-08-11 04:38:29'),
(85, 6, 'Orval Lesch II', 'Dr. Pascale Boyle', 2012, 2017, 'Possimus sed sit beatae sit inventore magnam voluptates qui. Consequatur consequatur quis molestiae mollitia. Maxime ea blanditiis eveniet id occaecati enim. Qui quos enim eveniet quibusdam.', '2018-08-11 04:38:29', '2018-08-11 04:38:29'),
(86, 6, 'Rosalyn Jenkins', 'Mrs. Hildegard Oberbrunner', 2010, 2014, 'Quas et fugiat cumque. Et sapiente reiciendis eos autem dolorem. Nobis quasi ipsam reprehenderit ut est. Voluptatum laudantium ut adipisci voluptate consectetur illum rerum.', '2018-08-11 04:38:29', '2018-08-11 04:38:29'),
(87, 9, 'Laurianne Schmeler', 'Leslie Gleason IV', 2015, 2016, 'Autem quia esse fugit est cupiditate aut. Et aut quas corporis consectetur libero modi. Aspernatur quos laboriosam rerum cupiditate consequatur.', '2018-08-11 04:38:29', '2018-08-11 04:38:29'),
(88, 8, 'Larissa Pfeffer', 'Alene O\'Conner', 2016, 2016, 'Nesciunt voluptatibus aspernatur ipsa voluptatum. Sit voluptatem numquam unde officiis cum. Tempore odio qui quisquam eaque officia non ut. Ut omnis delectus enim placeat dicta.', '2018-08-11 04:38:29', '2018-08-11 04:38:29'),
(89, 3, 'Dorian Spencer', 'Rudolph Funk', 2011, 2011, 'Et at quia dicta voluptates odit enim possimus. Nam impedit est molestiae inventore sit et quo. In laboriosam iure alias animi ratione rerum. Quae voluptatem natus minima harum magnam repellendus.', '2018-08-11 04:38:29', '2018-08-11 04:38:29'),
(90, 9, 'Carmelo O\'Reilly III', 'Roma Streich', 2010, 2013, 'Iste sit qui facilis. Quam quia quia explicabo. Dignissimos enim recusandae nihil quae aut dolorem incidunt aut. Ipsa nemo dolor et enim.', '2018-08-11 04:38:29', '2018-08-11 04:38:29'),
(91, 10, 'Dixie Stamm', 'Lafayette King', 2014, 2016, 'Velit voluptatem omnis saepe ut mollitia dolor facilis. Perspiciatis repellendus quia praesentium molestias corporis officiis voluptatem eum. Esse eum dolor animi eos architecto quia. Qui saepe quis iste.', '2018-08-11 04:38:29', '2018-08-11 04:38:29'),
(92, 4, 'Orie Gutmann Sr.', 'Luella Willms DVM', 2013, 2016, 'Magnam voluptas rerum neque quia. Aut aut rerum accusamus iure ipsam minima. Cupiditate molestias deserunt in. Non non sit fuga autem neque deleniti.', '2018-08-11 04:38:29', '2018-08-11 04:38:29'),
(93, 6, 'Syble Gerhold', 'Jermey Kunze', 2017, 2016, 'Quas dignissimos ex ipsam nisi sunt inventore. Facilis qui qui modi quas recusandae accusantium impedit velit. Magni ipsam aliquid est in dicta. In in consequatur quo occaecati.', '2018-08-11 04:38:29', '2018-08-11 04:38:29'),
(94, 8, 'Andreanne Kuphal', 'Rosendo Kutch', 2011, 2011, 'Tenetur consequuntur autem expedita ducimus voluptatibus aspernatur. Qui impedit quas nam ut ea aperiam. Rerum natus quaerat veniam nisi. Sunt quae ratione veritatis minus.', '2018-08-11 04:38:29', '2018-08-11 04:38:29'),
(95, 2, 'Prof. Sandy Leuschke', 'Mr. Brad Herman', 2012, 2013, 'Enim ut unde saepe adipisci ab repellat. Ea nihil earum quidem voluptatem qui velit quos necessitatibus. Similique dolorem dicta et. Provident qui veniam provident.', '2018-08-11 04:38:29', '2018-08-11 04:38:29'),
(96, 5, 'Randy Jacobson', 'Treva Huels', 2017, 2015, 'Harum explicabo laborum laboriosam nihil accusamus ex. Amet voluptatem praesentium rem id aspernatur mollitia cumque. Vitae id vel deserunt ut eius eum. Dolorem est temporibus non exercitationem et quia sit.', '2018-08-11 04:38:29', '2018-08-11 04:38:29'),
(97, 8, 'Karelle Cormier', 'Dr. Alvena Larkin DDS', 2017, 2012, 'Debitis officia velit et enim dolorem eos provident. Quo odio ipsam quaerat numquam. Vel quam dolores sed impedit. At iure ipsa eius nostrum dignissimos est qui.', '2018-08-11 04:38:29', '2018-08-11 04:38:29'),
(98, 4, 'Prof. Blair Torp II', 'Claudie Dietrich', 2014, 2011, 'Aut aut et vitae. Quos rem in aut earum id quo et. Ea rerum enim perspiciatis asperiores qui. Autem esse dicta sint delectus quia fugiat.', '2018-08-11 04:38:29', '2018-08-11 04:38:29'),
(99, 9, 'Margie Barton', 'Stewart O\'Keefe', 2013, 2015, 'Sunt perferendis architecto aliquam quasi reiciendis. Quis alias consectetur quaerat ea alias architecto rerum.', '2018-08-11 04:38:29', '2018-08-11 04:38:29'),
(100, 2, 'Vallie Grimes', 'Tyler Yost IV', 2017, 2010, 'Natus at qui minima error ea mollitia ut qui. Eos ut porro cupiditate esse. Nemo eum aut nihil.', '2018-08-11 04:38:29', '2018-08-11 04:38:29'),
(101, 11, 'Developer', 'AB Company', 2007, 2010, 'Lorem Ipsum is simply dummy text of the printing and typesetting industry. Lorem Ipsum has been the industry\'s standard dummy text ever since the 1500s, when an unknown printer took a galley of type and scrambled it to make a type specimen book.', '2018-08-11 19:53:25', '2018-08-11 19:53:25');

-- --------------------------------------------------------

--
-- Table structure for table `migrations`
--

CREATE TABLE `migrations` (
  `id` int(10) UNSIGNED NOT NULL,
  `migration` varchar(191) COLLATE utf8mb4_unicode_ci NOT NULL,
  `batch` int(11) NOT NULL
) ENGINE=InnoDB DEFAULT CHARSET=utf8mb4 COLLATE=utf8mb4_unicode_ci;

--
-- Dumping data for table `migrations`
--

INSERT INTO `migrations` (`id`, `migration`, `batch`) VALUES
(1, '2014_10_12_000000_create_users_table', 1),
(2, '2014_10_12_100000_create_password_resets_table', 1),
(3, '2018_04_04_062747_create_experiences_table', 1),
(4, '2018_04_04_062813_create_skills_table', 1),
(5, '2018_04_04_195157_create_works_table', 1),
(6, '2018_08_10_152657_create_education_table', 1);

-- --------------------------------------------------------

--
-- Table structure for table `password_resets`
--

CREATE TABLE `password_resets` (
  `email` varchar(191) COLLATE utf8mb4_unicode_ci NOT NULL,
  `token` varchar(191) COLLATE utf8mb4_unicode_ci NOT NULL,
  `created_at` timestamp NULL DEFAULT NULL
) ENGINE=InnoDB DEFAULT CHARSET=utf8mb4 COLLATE=utf8mb4_unicode_ci;

-- --------------------------------------------------------

--
-- Table structure for table `skills`
--

CREATE TABLE `skills` (
  `id` int(10) UNSIGNED NOT NULL,
  `user_id` int(11) NOT NULL,
  `name` varchar(191) COLLATE utf8mb4_unicode_ci NOT NULL,
  `percentage` int(11) NOT NULL,
  `created_at` timestamp NULL DEFAULT NULL,
  `updated_at` timestamp NULL DEFAULT NULL
) ENGINE=InnoDB DEFAULT CHARSET=utf8mb4 COLLATE=utf8mb4_unicode_ci;

--
-- Dumping data for table `skills`
--

INSERT INTO `skills` (`id`, `user_id`, `name`, `percentage`, `created_at`, `updated_at`) VALUES
(1, 8, 'Dr. Wilbert Berge', 65, '2018-08-11 04:38:29', '2018-08-11 04:38:29'),
(2, 5, 'Geraldine Bednar', 56, '2018-08-11 04:38:29', '2018-08-11 04:38:29'),
(3, 10, 'Lauriane O\'Conner', 62, '2018-08-11 04:38:29', '2018-08-11 04:38:29'),
(4, 3, 'Fredrick Windler Sr.', 55, '2018-08-11 04:38:29', '2018-08-11 04:38:29'),
(5, 2, 'Prof. Janice Denesik', 41, '2018-08-11 04:38:29', '2018-08-11 04:38:29'),
(6, 8, 'Gabrielle Nienow PhD', 89, '2018-08-11 04:38:29', '2018-08-11 04:38:29'),
(7, 3, 'Dexter Bernhard', 32, '2018-08-11 04:38:29', '2018-08-11 04:38:29'),
(8, 5, 'Celestino Leannon', 46, '2018-08-11 04:38:29', '2018-08-11 04:38:29'),
(9, 10, 'Ms. Vesta Hintz', 71, '2018-08-11 04:38:29', '2018-08-11 04:38:29'),
(10, 2, 'Julianne Mills', 89, '2018-08-11 04:38:29', '2018-08-11 04:38:29'),
(11, 8, 'Dr. Manuel Wolff', 88, '2018-08-11 04:38:29', '2018-08-11 04:38:29'),
(12, 10, 'Tommie Lynch', 66, '2018-08-11 04:38:29', '2018-08-11 04:38:29'),
(13, 5, 'Felipa Lebsack', 89, '2018-08-11 04:38:29', '2018-08-11 04:38:29'),
(14, 3, 'Joana Weissnat DDS', 60, '2018-08-11 04:38:29', '2018-08-11 04:38:29'),
(15, 3, 'Alberto Fadel', 73, '2018-08-11 04:38:29', '2018-08-11 04:38:29'),
(16, 8, 'Fern Dibbert', 89, '2018-08-11 04:38:29', '2018-08-11 04:38:29'),
(17, 2, 'Layla Abbott', 65, '2018-08-11 04:38:29', '2018-08-11 04:38:29'),
(18, 5, 'Leopold Nienow', 36, '2018-08-11 04:38:29', '2018-08-11 04:38:29'),
(19, 4, 'Craig Nolan', 50, '2018-08-11 04:38:29', '2018-08-11 04:38:29'),
(20, 6, 'Liam Schuster MD', 50, '2018-08-11 04:38:29', '2018-08-11 04:38:29'),
(21, 5, 'Dr. Spencer Dibbert II', 40, '2018-08-11 04:38:29', '2018-08-11 04:38:29'),
(22, 7, 'Mrs. Nikki McKenzie DDS', 49, '2018-08-11 04:38:29', '2018-08-11 04:38:29'),
(23, 10, 'Manley Fadel', 65, '2018-08-11 04:38:29', '2018-08-11 04:38:29'),
(24, 7, 'Katheryn Hermann', 56, '2018-08-11 04:38:29', '2018-08-11 04:38:29'),
(25, 1, 'Miracle Lowe', 59, '2018-08-11 04:38:29', '2018-08-11 04:38:29'),
(26, 2, 'Prof. Carleton Walsh PhD', 73, '2018-08-11 04:38:29', '2018-08-11 04:38:29'),
(27, 9, 'Amelia Pagac', 85, '2018-08-11 04:38:29', '2018-08-11 04:38:29'),
(28, 8, 'Alessandro Bogisich V', 55, '2018-08-11 04:38:29', '2018-08-11 04:38:29'),
(29, 8, 'Dr. Marjory Koch Jr.', 41, '2018-08-11 04:38:29', '2018-08-11 04:38:29'),
(30, 5, 'Bret Dicki I', 60, '2018-08-11 04:38:29', '2018-08-11 04:38:29'),
(31, 7, 'Esmeralda Wintheiser I', 64, '2018-08-11 04:38:29', '2018-08-11 04:38:29'),
(32, 6, 'Leon Bartoletti', 43, '2018-08-11 04:38:29', '2018-08-11 04:38:29'),
(33, 10, 'Sadie Lindgren', 53, '2018-08-11 04:38:29', '2018-08-11 04:38:29'),
(34, 10, 'Adelia Rippin', 64, '2018-08-11 04:38:29', '2018-08-11 04:38:29'),
(35, 7, 'Shawn Hintz V', 82, '2018-08-11 04:38:29', '2018-08-11 04:38:29'),
(36, 1, 'Wilton Kshlerin Sr.', 85, '2018-08-11 04:38:29', '2018-08-11 04:38:29'),
(37, 2, 'Nathan Stroman', 80, '2018-08-11 04:38:29', '2018-08-11 04:38:29'),
(38, 2, 'Ophelia Legros', 83, '2018-08-11 04:38:29', '2018-08-11 04:38:29'),
(39, 6, 'Zackery Ondricka', 76, '2018-08-11 04:38:29', '2018-08-11 04:38:29'),
(40, 4, 'Dereck Dicki MD', 33, '2018-08-11 04:38:29', '2018-08-11 04:38:29'),
(41, 1, 'Leonard Rutherford Jr.', 38, '2018-08-11 04:38:29', '2018-08-11 04:38:29'),
(42, 10, 'Forest Donnelly', 58, '2018-08-11 04:38:29', '2018-08-11 04:38:29'),
(43, 6, 'Dominique Green', 86, '2018-08-11 04:38:29', '2018-08-11 04:38:29'),
(44, 6, 'Prof. Santina Witting MD', 86, '2018-08-11 04:38:29', '2018-08-11 04:38:29'),
(45, 7, 'Reagan Auer', 81, '2018-08-11 04:38:29', '2018-08-11 04:38:29'),
(46, 10, 'Sonia Predovic', 71, '2018-08-11 04:38:29', '2018-08-11 04:38:29'),
(47, 1, 'Kailyn Davis', 31, '2018-08-11 04:38:29', '2018-08-11 04:38:29'),
(48, 7, 'Brycen Cremin', 48, '2018-08-11 04:38:29', '2018-08-11 04:38:29'),
(49, 2, 'Sydnie Stracke', 34, '2018-08-11 04:38:29', '2018-08-11 04:38:29'),
(50, 3, 'Dr. Wilhelm Weissnat', 48, '2018-08-11 04:38:29', '2018-08-11 04:38:29'),
(51, 1, 'Odie O\'Connell', 38, '2018-08-11 04:38:29', '2018-08-11 04:38:29'),
(52, 10, 'Gretchen Weissnat', 83, '2018-08-11 04:38:29', '2018-08-11 04:38:29'),
(53, 8, 'Jammie Stamm', 43, '2018-08-11 04:38:29', '2018-08-11 04:38:29'),
(54, 2, 'Watson Ebert', 60, '2018-08-11 04:38:29', '2018-08-11 04:38:29'),
(55, 8, 'Mr. Narciso Blanda', 75, '2018-08-11 04:38:29', '2018-08-11 04:38:29'),
(56, 5, 'Alford O\'Hara', 35, '2018-08-11 04:38:29', '2018-08-11 04:38:29'),
(57, 9, 'Prof. Fabiola Gerlach MD', 79, '2018-08-11 04:38:29', '2018-08-11 04:38:29'),
(58, 9, 'Ms. Virgie Bahringer', 83, '2018-08-11 04:38:29', '2018-08-11 04:38:29'),
(59, 1, 'Effie Bauch V', 34, '2018-08-11 04:38:29', '2018-08-11 04:38:29'),
(60, 10, 'Yoshiko Klein DVM', 87, '2018-08-11 04:38:29', '2018-08-11 04:38:29'),
(61, 8, 'Dr. Beth Koelpin DDS', 44, '2018-08-11 04:38:29', '2018-08-11 04:38:29'),
(62, 8, 'Belle Auer', 65, '2018-08-11 04:38:29', '2018-08-11 04:38:29'),
(63, 7, 'Bennett Kertzmann Jr.', 61, '2018-08-11 04:38:29', '2018-08-11 04:38:29'),
(64, 5, 'Amelia Weimann', 73, '2018-08-11 04:38:29', '2018-08-11 04:38:29'),
(65, 7, 'Jamir Pacocha PhD', 64, '2018-08-11 04:38:29', '2018-08-11 04:38:29'),
(66, 7, 'Robert Schmitt', 90, '2018-08-11 04:38:29', '2018-08-11 04:38:29'),
(67, 10, 'Elaina Pouros', 58, '2018-08-11 04:38:29', '2018-08-11 04:38:29'),
(68, 7, 'Jules Bogisich', 38, '2018-08-11 04:38:29', '2018-08-11 04:38:29'),
(69, 9, 'Miss Enola Armstrong', 65, '2018-08-11 04:38:29', '2018-08-11 04:38:29'),
(70, 7, 'Elton Rempel', 50, '2018-08-11 04:38:29', '2018-08-11 04:38:29'),
(71, 2, 'Marge Torp DVM', 69, '2018-08-11 04:38:29', '2018-08-11 04:38:29'),
(72, 2, 'Ms. Annamarie Schmeler V', 90, '2018-08-11 04:38:29', '2018-08-11 04:38:29'),
(73, 9, 'Dr. Jaclyn Erdman III', 70, '2018-08-11 04:38:29', '2018-08-11 04:38:29'),
(74, 8, 'Keven Walter', 77, '2018-08-11 04:38:29', '2018-08-11 04:38:29'),
(75, 1, 'Norma Green', 45, '2018-08-11 04:38:29', '2018-08-11 04:38:29'),
(76, 1, 'Prof. Cheyanne Murphy IV', 81, '2018-08-11 04:38:29', '2018-08-11 04:38:29'),
(77, 5, 'Claude Labadie', 58, '2018-08-11 04:38:29', '2018-08-11 04:38:29'),
(78, 3, 'Edwina Davis', 38, '2018-08-11 04:38:29', '2018-08-11 04:38:29'),
(79, 3, 'Jerrell Welch', 39, '2018-08-11 04:38:29', '2018-08-11 04:38:29'),
(80, 5, 'Franco Waelchi', 48, '2018-08-11 04:38:29', '2018-08-11 04:38:29'),
(81, 2, 'Mitchell Gaylord', 44, '2018-08-11 04:38:29', '2018-08-11 04:38:29'),
(82, 7, 'Prof. Jace Howell III', 35, '2018-08-11 04:38:29', '2018-08-11 04:38:29'),
(83, 1, 'Elisha Hauck', 57, '2018-08-11 04:38:29', '2018-08-11 04:38:29'),
(84, 1, 'Dr. Sherwood Kuhn', 67, '2018-08-11 04:38:29', '2018-08-11 04:38:29'),
(85, 8, 'Jakayla Bergstrom', 46, '2018-08-11 04:38:29', '2018-08-11 04:38:29'),
(86, 10, 'Shane Rosenbaum', 56, '2018-08-11 04:38:29', '2018-08-11 04:38:29'),
(87, 8, 'Dr. Durward Okuneva', 72, '2018-08-11 04:38:29', '2018-08-11 04:38:29'),
(88, 2, 'Clare Lindgren', 83, '2018-08-11 04:38:29', '2018-08-11 04:38:29'),
(89, 4, 'Bertha Bauch DVM', 64, '2018-08-11 04:38:29', '2018-08-11 04:38:29'),
(90, 8, 'Rubye Quigley PhD', 39, '2018-08-11 04:38:30', '2018-08-11 04:38:30'),
(91, 5, 'Modesto Schinner', 44, '2018-08-11 04:38:30', '2018-08-11 04:38:30'),
(92, 4, 'Giovani Hintz', 79, '2018-08-11 04:38:30', '2018-08-11 04:38:30'),
(93, 3, 'Paxton VonRueden', 85, '2018-08-11 04:38:30', '2018-08-11 04:38:30'),
(94, 3, 'Mr. Alexie Wiegand Sr.', 42, '2018-08-11 04:38:30', '2018-08-11 04:38:30'),
(95, 7, 'Prof. Kim Fritsch', 84, '2018-08-11 04:38:30', '2018-08-11 04:38:30'),
(96, 5, 'Dorian Parisian I', 57, '2018-08-11 04:38:30', '2018-08-11 04:38:30'),
(97, 6, 'Gino Nikolaus', 83, '2018-08-11 04:38:30', '2018-08-11 04:38:30'),
(98, 6, 'Karine Friesen', 68, '2018-08-11 04:38:30', '2018-08-11 04:38:30'),
(99, 4, 'Kenton Ratke', 56, '2018-08-11 04:38:30', '2018-08-11 04:38:30'),
(100, 10, 'Kimberly Oberbrunner', 52, '2018-08-11 04:38:30', '2018-08-11 04:38:30'),
(101, 11, 'PHP', 40, '2018-08-11 19:43:01', '2018-08-11 19:43:01'),
(102, 11, 'Laravel', 30, '2018-08-11 19:43:10', '2018-08-11 19:43:10'),
(103, 11, 'Javascript', 45, '2018-08-11 19:43:18', '2018-08-11 19:43:18');

-- --------------------------------------------------------

--
-- Table structure for table `users`
--

CREATE TABLE `users` (
  `id` int(10) UNSIGNED NOT NULL,
  `name` varchar(191) COLLATE utf8mb4_unicode_ci NOT NULL,
  `image` varchar(191) COLLATE utf8mb4_unicode_ci NOT NULL DEFAULT 'avatar.jpg',
  `designation` varchar(191) COLLATE utf8mb4_unicode_ci DEFAULT NULL,
  `description` text COLLATE utf8mb4_unicode_ci,
  `dob` date DEFAULT NULL,
  `phone` varchar(191) COLLATE utf8mb4_unicode_ci DEFAULT NULL,
  `address` varchar(191) COLLATE utf8mb4_unicode_ci DEFAULT NULL,
  `web` varchar(191) COLLATE utf8mb4_unicode_ci DEFAULT NULL,
  `fb` varchar(191) COLLATE utf8mb4_unicode_ci DEFAULT NULL,
  `email` varchar(191) COLLATE utf8mb4_unicode_ci NOT NULL,
  `password` varchar(191) COLLATE utf8mb4_unicode_ci NOT NULL,
  `username` varchar(191) COLLATE utf8mb4_unicode_ci NOT NULL,
  `admin` tinyint(1) NOT NULL DEFAULT '0',
  `remember_token` varchar(100) COLLATE utf8mb4_unicode_ci DEFAULT NULL,
  `created_at` timestamp NULL DEFAULT NULL,
  `updated_at` timestamp NULL DEFAULT NULL
) ENGINE=InnoDB DEFAULT CHARSET=utf8mb4 COLLATE=utf8mb4_unicode_ci;

--
-- Dumping data for table `users`
--

INSERT INTO `users` (`id`, `name`, `image`, `designation`, `description`, `dob`, `phone`, `address`, `web`, `fb`, `email`, `password`, `username`, `admin`, `remember_token`, `created_at`, `updated_at`) VALUES
(1, 'Gerry Langosh', 'avatar.jpg', 'cumque', 'Odio nulla saepe animi tempore qui ab. Qui ut ea et quas. Voluptas quibusdam praesentium expedita enim voluptatem quis sed.', '2012-10-23', '+9416436494451', '372 Cremin Path', 'http://sporer.org/culpa-provident-adipisci-consequatur-qui-reiciendis-occaecati-praesentium.html', 'harum', 'keyon70@example.com', '$2y$10$TKh8H1.PfQx37YgCzwiKb.KjNyWgaHb9cbcoQgdIVFlYg7B77UdFm', 'reprehenderit', 0, 'gexOK4bD3p', '2018-08-11 04:38:30', '2018-08-11 04:38:30'),
(2, 'Giles Jerde MD', 'avatar.jpg', 'et', 'Ut dolor debitis eum tenetur ea adipisci nobis. Voluptatem et facere illo voluptatibus odio.', '2006-07-20', '+4913860991923', '6394 D\'Amore Parkway Apt. 435', 'https://skiles.com/officiis-architecto-eum-nesciunt-molestiae.html', 'et', 'otto.lynch@example.com', '$2y$10$TKh8H1.PfQx37YgCzwiKb.KjNyWgaHb9cbcoQgdIVFlYg7B77UdFm', 'explicabo', 0, '7qTuCCUpIx', '2018-08-11 04:38:30', '2018-08-11 04:38:30'),
(3, 'Jasmin Fadel', 'avatar.jpg', 'recusandae', 'Animi quaerat qui reprehenderit sit. Reprehenderit quibusdam magnam dolor quo quia.', '2014-02-01', '+9813771245173', '408 Destin Union Apt. 256', 'http://sawayn.org/in-sunt-quia-voluptates-beatae', 'vel', 'mante.cassidy@example.net', '$2y$10$TKh8H1.PfQx37YgCzwiKb.KjNyWgaHb9cbcoQgdIVFlYg7B77UdFm', 'quisquam', 0, 'jIRD3FZxdu', '2018-08-11 04:38:30', '2018-08-11 04:38:30'),
(4, 'Ramona Witting', 'avatar.jpg', 'ducimus', 'Eius possimus quidem commodi velit repellendus hic quibusdam. Officia et maiores perspiciatis dolor rerum deserunt. Nobis magnam praesentium maiores.', '2010-12-18', '+7396408320389s', '3819 Tito Trails', 'https://grant.com/dolor-nihil-a-debitis-doloremque-neque-nobis.htmls', 'rerum', 'rupert00@example.orgs', '$2y$12$Rd89YsgdizSxcIK.lVVgpetXZRkFvazTRUOqgxRNu5L4WJxQga8C2', 'at', 0, 'KpL3kU8AHYYSijPp2t7vedDk7jXjGbjWE0eoebD6ziaBGNR6GIyNMKhc4xkD', '2018-08-11 04:38:30', '2018-08-11 18:55:24'),
(5, 'Mr. Rickey Dibbert IV', 'avatar.jpg', 'laudantium', 'Architecto amet ut nihil dolor accusantium. Officia illum ut ex numquam dolorem. Eaque unde rerum deleniti culpa sit id. Neque sed ad est nam.', '2012-09-10', '+7615433797320', '20191 Gleichner Passage Apt. 467', 'http://www.rogahn.com/veniam-et-quam-dolores-facere-est-nulla-voluptatem', 'quod', 'sbotsford@example.net', '$2y$10$TKh8H1.PfQx37YgCzwiKb.KjNyWgaHb9cbcoQgdIVFlYg7B77UdFm', 'qui', 0, 'zlxDTWDMqt', '2018-08-11 04:38:30', '2018-08-11 04:38:30'),
(6, 'Dayna Bechtelar', 'avatar.jpg', 'dignissimos', 'Aperiam labore in eveniet rerum iste voluptate. Sequi ut aut modi quidem. Corporis est voluptatem autem et in officia nesciunt ut.', '1986-08-10', '+1674165474749', '261 Ernser Plains Apt. 914', 'https://www.okuneva.org/ullam-architecto-asperiores-ducimus-tempore-possimus-accusamus-iure', 'nisi', 'ctorp@example.net', '$2y$10$TKh8H1.PfQx37YgCzwiKb.KjNyWgaHb9cbcoQgdIVFlYg7B77UdFm', 'cumque', 0, 'ucHlk6BJdB', '2018-08-11 04:38:30', '2018-08-11 04:38:30'),
(7, 'Edmond Goyette', 'avatar.jpg', 'assumenda', 'Dolore culpa quo voluptatum animi. Eaque voluptatum tempora voluptate consectetur nobis ullam ex. Iure quos fugit repellendus expedita id laborum rerum tempore. Modi vitae veniam earum est.', '1977-01-30', '+8525811179890', '43628 Schuyler Estates', 'https://www.ferry.biz/libero-quo-quae-ratione-quia-voluptatem', 'commodi', 'katharina04@example.org', '$2y$10$TKh8H1.PfQx37YgCzwiKb.KjNyWgaHb9cbcoQgdIVFlYg7B77UdFm', 'impedit', 0, 'y74HGDjTXp', '2018-08-11 04:38:30', '2018-08-11 04:38:30'),
(8, 'Miss Bette Runte', 'avatar.jpg', 'id', 'Adipisci iste temporibus officiis reiciendis asperiores iure est ex. Distinctio illo magni saepe labore nisi cumque. Iusto omnis molestiae et sint vero labore.', '2008-03-14', '+1205691985137', '62496 Kaela Tunnel Apt. 687', 'https://www.kertzmann.org/fugiat-tempore-impedit-iure-id-laudantium-veritatis-dignissimos', 'inventore', 'maudie41@example.com', '$2y$10$TKh8H1.PfQx37YgCzwiKb.KjNyWgaHb9cbcoQgdIVFlYg7B77UdFm', 'sequi', 0, 'NaopOzH5l2', '2018-08-11 04:38:30', '2018-08-11 04:38:30'),
(9, 'Gerald Wehner II', 'avatar.jpg', 'ut', 'Voluptas non adipisci dolore libero dolorem dignissimos possimus. Alias esse fugit nam sit. Sunt voluptatum recusandae quidem quia accusantium voluptates. Et dolorem doloribus sit vitae cum libero.', '2010-07-10', '+3435090183271', '5283 Marquardt Walks', 'http://mcdermott.com/sed-ea-molestiae-quae', 'recusandae', 'jaquan32@example.org', '$2y$10$TKh8H1.PfQx37YgCzwiKb.KjNyWgaHb9cbcoQgdIVFlYg7B77UdFm', 'pariatur', 0, '8zYxDqvmfi', '2018-08-11 04:38:30', '2018-08-11 04:38:30'),
(10, 'George Davis', 'avatar.jpg', 'perspiciatis', 'Commodi odit adipisci numquam qui nobis. Qui aut quasi natus est vitae. Ea et laborum perferendis amet tempore. Quas illo aliquid nihil deserunt accusamus.', '1983-09-18', '+1749348269770', '64051 Adan Prairie', 'http://reichel.org/', 'temporibus', 'raphaelle.gusikowski@example.org', '$2y$10$TKh8H1.PfQx37YgCzwiKb.KjNyWgaHb9cbcoQgdIVFlYg7B77UdFm', 'nam', 0, 'vVDu4o1fUW', '2018-08-11 04:38:30', '2018-08-11 04:38:30'),
(11, 'Demo', 'avatar.jpg', 'Developer', 'Dummy user, used just beings as dummy.', NULL, '+34454808234646', '70947 Lindsey Courts', 'http://tanveer.cf', 'thaque20', 'demo@mail.com', '$2y$10$m0MAMriKPQM4GnY1lDAUx.HPaaYTmCeV9Kvm9Wj5cJrn0P.7mH5xO', 'demo', 0, NULL, '2018-08-11 19:41:19', '2018-08-11 20:09:01');

-- --------------------------------------------------------

--
-- Table structure for table `works`
--

CREATE TABLE `works` (
  `id` int(10) UNSIGNED NOT NULL,
  `user_id` int(11) NOT NULL,
  `title` varchar(191) COLLATE utf8mb4_unicode_ci NOT NULL,
  `image` varchar(191) COLLATE utf8mb4_unicode_ci NOT NULL DEFAULT 'work.jpg',
  `category` varchar(191) COLLATE utf8mb4_unicode_ci DEFAULT NULL,
  `description` text COLLATE utf8mb4_unicode_ci,
  `link` varchar(191) COLLATE utf8mb4_unicode_ci DEFAULT NULL,
  `created_at` timestamp NULL DEFAULT NULL,
  `updated_at` timestamp NULL DEFAULT NULL
) ENGINE=InnoDB DEFAULT CHARSET=utf8mb4 COLLATE=utf8mb4_unicode_ci;

--
-- Dumping data for table `works`
--

INSERT INTO `works` (`id`, `user_id`, `title`, `image`, `category`, `description`, `link`, `created_at`, `updated_at`) VALUES
(1, 3, 'Else Feil', 'work.jpg', 'maxime', 'Ducimus culpa consequuntur amet fugit minus. Nostrum repellendus ducimus omnis porro quia consectetur cum. Eveniet aliquid mollitia modi temporibus vero voluptatibus nihil. Assumenda amet saepe quibusdam quas nihil iusto.', 'http://dickinson.com/omnis-omnis-autem-culpa-aliquid-eum', '2018-08-11 04:38:30', '2018-08-11 04:38:30'),
(2, 2, 'Irma Gaylord', 'work.jpg', 'placeat', 'Tempore maxime ratione facilis repellat. Dignissimos et magni error commodi totam. Minima est recusandae temporibus magni occaecati.', 'http://herman.info/minima-quis-est-doloribus-repellendus-rerum-nisi-ut', '2018-08-11 04:38:30', '2018-08-11 04:38:30'),
(3, 5, 'Cydney Swaniawski', 'work.jpg', 'repellendus', 'Esse totam ut vitae quia saepe. Voluptatum possimus omnis vero et quidem quas. Magnam occaecati autem atque magnam aut. Incidunt eaque et rerum accusantium voluptatem.', 'http://www.heathcote.com/quo-eaque-facere-praesentium-aut-eum-veritatis-voluptates', '2018-08-11 04:38:30', '2018-08-11 04:38:30'),
(4, 4, 'Rashawn Bernier', 'work.jpg', 'velit', 'Fuga veritatis distinctio atque id exercitationem ut quia. Distinctio nulla inventore suscipit in dolorem sit. Iure aut deleniti molestiae neque. Enim sed veritatis autem id autem reiciendis. Veritatis harum excepturi voluptatem non veniam.', 'http://konopelski.com/aut-ut-earum-modi-nemo-eaque-qui-aut', '2018-08-11 04:38:30', '2018-08-11 04:38:30'),
(5, 3, 'Prof. Tina Fadel I', 'work.jpg', 'delectus', 'Qui sit praesentium aut amet neque officiis. Exercitationem aut debitis sed quo esse atque velit eum. Est temporibus est quae magni quia. Suscipit rem et soluta.', 'http://hartmann.com/praesentium-adipisci-hic-tempora-labore-voluptas-eligendi-autem', '2018-08-11 04:38:30', '2018-08-11 04:38:30'),
(6, 4, 'Mrs. Eudora Fisher', 'work.jpg', 'voluptatum', 'Pariatur sit error ipsam. Nobis aut deleniti quo sequi iusto. Facilis cumque consequuntur molestias deserunt. Aut enim dolorem nam autem iure.', 'http://www.wiegand.com/', '2018-08-11 04:38:30', '2018-08-11 04:38:30'),
(7, 6, 'Edd Hane', 'work.jpg', 'magnam', 'Enim aperiam optio consectetur tempora recusandae hic et. Facilis saepe velit magni quo porro. Sed autem facilis inventore sed dignissimos.', 'http://fahey.org/maiores-quia-quibusdam-voluptatem-sit-consequatur-dolore.html', '2018-08-11 04:38:30', '2018-08-11 04:38:30'),
(8, 2, 'Jedediah Volkman MD', 'work.jpg', 'alias', 'Aut officiis vel ratione nisi voluptas optio qui. Dolores molestiae quo cum a culpa ipsa. Nisi animi nihil voluptatum harum quia ipsam omnis consequatur.', 'https://www.turner.com/eum-velit-excepturi-aspernatur-expedita-dolor-iste-veniam-a', '2018-08-11 04:38:30', '2018-08-11 04:38:30'),
(9, 2, 'Milo Lehner', 'work.jpg', 'laborum', 'Placeat consequuntur eum repellat exercitationem iste. Aut et ut in est repellendus. At cum nostrum modi ut. Ut animi sed porro eos dolores.', 'http://www.bahringer.biz/provident-quis-eius-consequuntur-et', '2018-08-11 04:38:30', '2018-08-11 04:38:30'),
(10, 1, 'Jules Bosco', 'work.jpg', 'et', 'Enim est itaque occaecati et repellat. Qui tenetur culpa necessitatibus distinctio. Id totam reiciendis accusamus sed reiciendis ea et. Alias esse rem accusamus reprehenderit laboriosam. Aut alias delectus sequi aliquam repudiandae nobis.', 'https://www.mcglynn.net/similique-fuga-eos-eum-officia', '2018-08-11 04:38:30', '2018-08-11 04:38:30'),
(11, 2, 'Prof. Dillon Watsica', 'work.jpg', 'deleniti', 'Iusto sed esse iure adipisci perspiciatis consequatur laborum harum. Tempore eveniet laborum molestias quo accusantium asperiores quae. Natus cum repellat neque autem tenetur est nisi magnam.', 'http://www.dickens.com/natus-vel-aut-ipsam-itaque', '2018-08-11 04:38:30', '2018-08-11 04:38:30'),
(12, 4, 'Enos White', 'work.jpg', 'placeat', 'Quaerat odit consequatur provident quis fugit incidunt. Sapiente molestiae accusantium modi eos architecto. Error eius nisi occaecati reprehenderit ex est. Eaque aut dignissimos libero.', 'https://becker.com/non-quia-adipisci-in-facilis-et-dolores-laborum.html', '2018-08-11 04:38:30', '2018-08-11 04:38:30'),
(13, 8, 'Dr. Junior Herzog Jr.', 'work.jpg', 'perferendis', 'Sed delectus debitis cum consequatur eos laborum ea. Labore accusantium quaerat natus tenetur explicabo. Accusantium ad harum necessitatibus eum. Nesciunt officiis maiores ipsa ipsa. Dolores et iure pariatur quod.', 'http://skiles.org/culpa-enim-quis-reprehenderit-repudiandae.html', '2018-08-11 04:38:30', '2018-08-11 04:38:30'),
(14, 8, 'Catalina O\'Kon', 'work.jpg', 'harum', 'Dolorum quas sapiente vero. Molestiae sed non officiis ullam explicabo cum nesciunt. Quis sed qui minus rerum. Ratione soluta molestiae facilis ea. Et et doloribus excepturi et nostrum.', 'http://konopelski.com/accusamus-ea-quia-earum.html', '2018-08-11 04:38:30', '2018-08-11 04:38:30'),
(15, 9, 'Baylee Armstrong', 'work.jpg', 'ea', 'Alias ipsa odio qui. Id ad rerum velit error quia. Nihil ea dolorum dolorem nesciunt animi veniam qui.', 'https://jacobi.com/eveniet-aliquid-omnis-eaque.html', '2018-08-11 04:38:30', '2018-08-11 04:38:30'),
(16, 2, 'Modesto Harvey PhD', 'work.jpg', 'ullam', 'Quisquam atque sapiente assumenda dolorem. Recusandae ab aperiam vel. Rerum numquam dignissimos ullam aspernatur optio rerum unde. Assumenda temporibus nam necessitatibus et.', 'http://www.kohler.com/', '2018-08-11 04:38:30', '2018-08-11 04:38:30'),
(17, 2, 'Maximus Orn', 'work.jpg', 'nostrum', 'Qui aut animi sint earum a deserunt assumenda. Quaerat repellendus voluptas enim quia ut quod. Facilis aspernatur voluptatem omnis.', 'http://www.rath.com/optio-impedit-placeat-aut-aut-aut', '2018-08-11 04:38:30', '2018-08-11 04:38:30'),
(18, 1, 'Prof. Irma Larkin MD', 'work.jpg', 'voluptatibus', 'Quibusdam sequi nulla blanditiis qui nulla blanditiis quis. Eligendi reiciendis sunt atque nam. Accusantium dignissimos perferendis tenetur repudiandae earum. Unde sunt non maxime ea quia omnis ipsum.', 'http://rath.com/', '2018-08-11 04:38:30', '2018-08-11 04:38:30'),
(19, 7, 'Ms. Ashlynn McLaughlin Jr.', 'work.jpg', 'quia', 'Impedit necessitatibus quis sed et. Quae recusandae et totam qui fuga velit hic. Fugit libero porro qui reiciendis architecto laudantium.', 'https://www.roob.com/asperiores-ipsam-itaque-enim', '2018-08-11 04:38:30', '2018-08-11 04:38:30'),
(20, 10, 'Orion Gerlach Jr.', 'work.jpg', 'asperiores', 'Atque ut eligendi illo veniam ullam deleniti alias odit. Est est optio in esse et est. Rem aliquid enim laborum sequi quae odio.', 'http://rutherford.com/dolor-ut-dolorem-nam-molestiae-voluptatem-nihil.html', '2018-08-11 04:38:30', '2018-08-11 04:38:30'),
(21, 4, 'Electa Goodwin', 'work.jpg', 'molestias', 'Excepturi accusamus omnis vitae laboriosam quo ut. Blanditiis dolores cupiditate iusto quia. Consequuntur commodi laboriosam alias rerum.', 'https://www.block.com/officia-odio-officia-provident-ut', '2018-08-11 04:38:30', '2018-08-11 04:38:30'),
(22, 5, 'Broderick Emmerich', 'work.jpg', 'et', 'Consequatur id qui atque quibusdam quis sed. Quas voluptatem iure occaecati laboriosam porro incidunt.', 'http://www.damore.com/accusantium-neque-ut-est-error-est-nobis', '2018-08-11 04:38:30', '2018-08-11 04:38:30'),
(23, 6, 'Mr. Grover Stamm', 'work.jpg', 'amet', 'Rem minus reprehenderit quia. Sequi doloribus ipsa temporibus eligendi voluptas. Nostrum dignissimos nulla quod nemo est earum praesentium.', 'http://tillman.com/fugiat-rerum-laudantium-quaerat-nihil.html', '2018-08-11 04:38:30', '2018-08-11 04:38:30'),
(24, 4, 'Mrs. Emelie Nienow V', 'work.jpg', 'hic', 'Qui possimus explicabo est hic rerum nostrum deleniti. Libero quis sit eius illum commodi. Quia aut animi voluptatem.', 'http://www.wintheiser.com/beatae-a-sunt-voluptatem-eum-esse-suscipit-qui', '2018-08-11 04:38:30', '2018-08-11 04:38:30'),
(25, 4, 'Ms. Anissa Balistreri', 'work.jpg', 'eligendi', 'Voluptate nemo saepe dolores maxime. Minus amet cupiditate quas quibusdam. Eum dolorem ex excepturi animi qui. Possimus a sunt aperiam laudantium.', 'http://buckridge.com/eligendi-quis-ducimus-culpa-excepturi-quas', '2018-08-11 04:38:30', '2018-08-11 04:38:30'),
(26, 8, 'Mr. Stone Carroll', 'work.jpg', 'voluptatem', 'Consequuntur aut sed consequatur debitis quod. Assumenda repellat excepturi alias non. Molestiae perspiciatis sequi quibusdam quidem recusandae qui vero velit. Fuga sed labore minima facilis facere.', 'https://www.rogahn.com/quaerat-tenetur-consequuntur-nam', '2018-08-11 04:38:30', '2018-08-11 04:38:30'),
(27, 7, 'Mr. Antwan Sporer Sr.', 'work.jpg', 'corrupti', 'Voluptas ab ut ipsum est molestias totam voluptas. Ea consequuntur deserunt ducimus quae quidem. Nihil rerum quod pariatur voluptates magni. Explicabo neque nulla et quisquam.', 'http://dare.info/et-officia-ipsum-asperiores-enim-vitae.html', '2018-08-11 04:38:30', '2018-08-11 04:38:30'),
(28, 7, 'Prof. Dameon Smith I', 'work.jpg', 'ut', 'Voluptas non aperiam est enim omnis. Numquam sed quo aperiam voluptatum. Iusto temporibus voluptas quasi.', 'https://howe.biz/modi-eum-quos-harum-ipsa-ut-illum-omnis.html', '2018-08-11 04:38:30', '2018-08-11 04:38:30'),
(29, 1, 'Kamren Zieme', 'work.jpg', 'qui', 'Amet quas sed quos dolores occaecati culpa nihil. Vel est nesciunt reprehenderit architecto. Voluptatum dolores perspiciatis et non. Necessitatibus consequatur repellat et ullam harum error repellendus.', 'http://www.legros.com/quas-recusandae-laudantium-velit-velit-eaque-ab.html', '2018-08-11 04:38:30', '2018-08-11 04:38:30'),
(30, 2, 'Rickey Ward', 'work.jpg', 'est', 'Voluptatem dolorem sed excepturi nesciunt expedita quibusdam. Rerum voluptas in quae eaque. Impedit optio explicabo unde enim debitis nobis omnis. Id minus odio possimus cum.', 'http://nikolaus.com/', '2018-08-11 04:38:30', '2018-08-11 04:38:30'),
(31, 10, 'Assunta Anderson', 'work.jpg', 'aut', 'Ipsam architecto assumenda temporibus tempore. Quo quas ut perferendis quisquam recusandae. Et ipsa facere non similique rem. Cupiditate aliquid architecto voluptatibus sint quia aliquid dolores.', 'http://www.king.net/necessitatibus-soluta-et-sit-totam-ipsum-id', '2018-08-11 04:38:30', '2018-08-11 04:38:30'),
(32, 5, 'Brianne Larson', 'work.jpg', 'dolorum', 'Sint ut laudantium natus delectus vel. Accusamus ut quo eos temporibus cum eum incidunt. Dolor consequatur vel eaque quia ad ut sit reiciendis.', 'http://koepp.com/porro-voluptatem-ad-magni-et-et-officiis', '2018-08-11 04:38:30', '2018-08-11 04:38:30'),
(33, 9, 'Dr. Margret Sipes III', 'work.jpg', 'aut', 'Eius nisi saepe consequatur quos autem impedit et. Velit ut et deleniti ex corrupti. Molestias beatae voluptates ullam aut.', 'https://www.hermann.com/voluptatem-aut-natus-architecto-dolores', '2018-08-11 04:38:30', '2018-08-11 04:38:30'),
(34, 1, 'Lavern Fadel', 'work.jpg', 'rerum', 'Ut rerum nesciunt cupiditate eos. Saepe facere consectetur velit eveniet perspiciatis. Voluptas pariatur eligendi nulla fugiat. Perspiciatis eum quam distinctio molestiae dolores.', 'http://www.koch.com/eligendi-atque-exercitationem-ea-neque', '2018-08-11 04:38:30', '2018-08-11 04:38:30'),
(35, 6, 'Prof. Aron Nicolas DVM', 'work.jpg', 'qui', 'Esse error magnam voluptas iste et molestiae. Et maxime ut porro eveniet. Possimus rerum nemo facere beatae iusto voluptates.', 'https://schinner.com/omnis-voluptatem-distinctio-distinctio-praesentium-omnis-ad-ullam.html', '2018-08-11 04:38:30', '2018-08-11 04:38:30'),
(36, 9, 'Lesley Will', 'work.jpg', 'pariatur', 'A et repellendus in facere sit culpa. Cum maiores quis nihil et. Nisi aliquam in dignissimos vel pariatur.', 'http://www.lind.org/voluptatum-in-nihil-optio', '2018-08-11 04:38:30', '2018-08-11 04:38:30'),
(37, 3, 'Mrs. Sister Ebert DDS', 'work.jpg', 'illo', 'Impedit aliquam tempore aut at amet. Dolores nihil voluptatem qui. Aut ex omnis non repellendus est ut. Expedita cupiditate nam temporibus amet.', 'http://schinner.org/laborum-dolorem-velit-fuga-est.html', '2018-08-11 04:38:30', '2018-08-11 04:38:30'),
(38, 6, 'Shanel Wunsch', 'work.jpg', 'voluptatem', 'Et porro soluta sunt qui suscipit. Dolor voluptatem consequatur perferendis ut illum est. Debitis molestias consequatur odio. Repudiandae neque soluta omnis.', 'http://greenholt.com/dolorem-ea-aliquid-asperiores-placeat', '2018-08-11 04:38:30', '2018-08-11 04:38:30'),
(39, 6, 'Mr. Manuela Zulauf', 'work.jpg', 'iusto', 'Optio et neque sed nulla facilis eius molestias molestiae. Dolorem assumenda eum aut officiis porro et. Eius pariatur vel ex aut aut.', 'http://www.beer.org/deleniti-debitis-id-earum-quaerat-et', '2018-08-11 04:38:30', '2018-08-11 04:38:30'),
(40, 6, 'Ashlynn Bosco', 'work.jpg', 'vel', 'Sint placeat quia optio minima iste. Est quo quisquam delectus hic repellat dolorem sint. Et veniam sint vel iusto molestiae veritatis omnis. Eaque delectus expedita harum dolore ea quia porro.', 'http://www.moen.biz/', '2018-08-11 04:38:30', '2018-08-11 04:38:30'),
(41, 6, 'Floyd Schuppe', 'work.jpg', 'sed', 'Est ab omnis perferendis qui amet eligendi. Mollitia explicabo nostrum illum qui dolor. Nostrum iusto aut alias rem eveniet repellat.', 'http://www.schmeler.com/aliquam-ut-dolores-ut-delectus-qui-commodi-ratione', '2018-08-11 04:38:30', '2018-08-11 04:38:30'),
(42, 1, 'Rosamond Casper', 'work.jpg', 'dignissimos', 'Suscipit quae maiores ducimus. Et tempore sed consequatur eius possimus saepe. Aut sed cupiditate sed officiis expedita sed.', 'http://leuschke.net/qui-quibusdam-iusto-cupiditate-odit-qui-rerum-quos-voluptas.html', '2018-08-11 04:38:30', '2018-08-11 04:38:30'),
(43, 9, 'Walker Bauch', 'work.jpg', 'inventore', 'Et tenetur optio odit quia enim placeat ut. Repudiandae minima sequi odio quod numquam officiis. Quam odio inventore ea consequuntur sint dolores ipsa. Recusandae at ut rerum repellendus ratione eum.', 'http://www.metz.com/corporis-quia-voluptatem-quia-quibusdam-debitis-quis-eum-ut.html', '2018-08-11 04:38:30', '2018-08-11 04:38:30'),
(44, 10, 'Dr. Demario Schuster', 'work.jpg', 'pariatur', 'Accusantium dolores blanditiis voluptatibus. Iure fuga saepe animi hic qui reiciendis in. Fugiat delectus vero sit voluptas pariatur vel autem. Sed expedita ducimus repellendus.', 'http://legros.com/', '2018-08-11 04:38:30', '2018-08-11 04:38:30'),
(45, 4, 'Prof. Graciela Mohr MD', 'work.jpg', 'rerum', 'Corporis atque dolores rem natus non et. Quam recusandae nulla aut tempore.', 'http://www.klein.com/numquam-aspernatur-fugit-deserunt-porro-alias', '2018-08-11 04:38:30', '2018-08-11 04:38:30'),
(46, 8, 'Dariana Fadel', 'work.jpg', 'quibusdam', 'Laudantium eos exercitationem architecto et recusandae est. Nemo aut aut praesentium vel. Ipsa consequuntur ut distinctio sit doloremque aut voluptate.', 'https://www.jaskolski.com/eum-saepe-corporis-nihil-voluptas-inventore', '2018-08-11 04:38:30', '2018-08-11 04:38:30'),
(47, 9, 'Ms. Rhea Lakin PhD', 'work.jpg', 'esse', 'Explicabo est veniam ut. Non facilis voluptatem ut. Necessitatibus ut laudantium exercitationem ea ipsum consectetur cupiditate.', 'http://jones.org/placeat-hic-blanditiis-id-velit.html', '2018-08-11 04:38:30', '2018-08-11 04:38:30'),
(48, 1, 'Yvonne Jacobson', 'work.jpg', 'blanditiis', 'Maxime quo facilis fugit iure in aut. Sit cum sunt asperiores expedita voluptas ut fuga. Veritatis sed nisi molestias sint debitis culpa saepe. Sunt eius dolores facere perferendis vel non quo ut.', 'http://www.frami.net/autem-cumque-est-voluptatem-praesentium-et-ut', '2018-08-11 04:38:30', '2018-08-11 04:38:30'),
(49, 7, 'Emilio Thompson DVM', 'work.jpg', 'expedita', 'Et recusandae dolores unde tempora ducimus enim. Illo doloremque praesentium eum minima accusamus dicta. Exercitationem atque consectetur delectus optio. Quisquam voluptates odio non.', 'https://kihn.net/tempore-voluptatum-rerum-assumenda-ex.html', '2018-08-11 04:38:30', '2018-08-11 04:38:30'),
(50, 10, 'Delfina Kautzer', 'work.jpg', 'cumque', 'Eos error et dicta accusantium. Consectetur non illo qui reiciendis incidunt quo. Aut accusamus consequatur cum et. Id totam vero molestias ut.', 'http://stehr.com/aut-veritatis-sit-illo-similique-molestiae-quidem-veniam', '2018-08-11 04:38:30', '2018-08-11 04:38:30'),
(51, 8, 'Frederique Luettgen II', 'work.jpg', 'dolores', 'Non quas officiis non quia voluptatem nulla. Nam rem ut et vel consectetur.', 'https://hettinger.com/incidunt-eos-fuga-facere-cumque.html', '2018-08-11 04:38:30', '2018-08-11 04:38:30'),
(52, 3, 'Samson Bailey III', 'work.jpg', 'commodi', 'Quis ut numquam corrupti voluptatum qui nihil. Sit dolor in exercitationem rerum. Dicta esse natus quo.', 'http://legros.com/', '2018-08-11 04:38:30', '2018-08-11 04:38:30'),
(53, 9, 'Nicklaus Fay Sr.', 'work.jpg', 'modi', 'Sit voluptatum repellat beatae voluptatem. Quis veritatis fugit dolorem dicta et error aut. In sapiente alias optio vitae id.', 'http://rowe.org/quo-sit-laborum-eum-fugiat-est-at-perferendis', '2018-08-11 04:38:30', '2018-08-11 04:38:30'),
(54, 1, 'Shayne Rohan III', 'work.jpg', 'dolorem', 'Ut quos impedit voluptatem at officiis. Ipsam repellendus sunt fugiat quidem eius. Aut maiores veniam quae corporis optio maiores sapiente. Earum ut et quas voluptate placeat vero animi. Placeat similique repellendus earum sed.', 'http://lind.com/quia-nam-omnis-voluptas-error-cumque-at-hic-quae', '2018-08-11 04:38:30', '2018-08-11 04:38:30'),
(55, 3, 'Margie Satterfield', 'work.jpg', 'et', 'Nihil architecto accusantium atque ipsam neque officiis fugit. Non quo omnis voluptas suscipit at tenetur. Nobis illum placeat occaecati laudantium inventore eligendi.', 'http://www.williamson.com/nihil-in-impedit-consequatur-illo', '2018-08-11 04:38:30', '2018-08-11 04:38:30'),
(56, 6, 'Dr. Elmer Dare PhD', 'work.jpg', 'delectus', 'Rerum commodi iste a et fugiat hic. Similique officia aut et occaecati.', 'http://kuhic.net/illum-tenetur-consequatur-laboriosam', '2018-08-11 04:38:30', '2018-08-11 04:38:30'),
(57, 7, 'Domenica Lind IV', 'work.jpg', 'modi', 'Laudantium dolorem quis laboriosam sunt. Et consequuntur cumque dolorum similique omnis et atque. Natus tempore libero commodi labore omnis nobis accusantium. Libero sunt quidem non itaque consequuntur.', 'http://schneider.net/', '2018-08-11 04:38:30', '2018-08-11 04:38:30'),
(58, 6, 'Krystina Morar', 'work.jpg', 'veniam', 'Vel voluptas sit consequatur recusandae consequuntur ducimus. Natus quia facere vitae esse ut perferendis qui odio. Voluptas non dolorem et officiis distinctio quo nulla. Ut non voluptas consequatur at.', 'http://doyle.org/enim-et-et-ab-eligendi-dolores-id-totam', '2018-08-11 04:38:30', '2018-08-11 04:38:30'),
(59, 6, 'Marta Bogan', 'work.jpg', 'dolore', 'Voluptatem veritatis aperiam debitis excepturi dolorem nisi. Et dignissimos ipsum voluptas sapiente pariatur et alias sit. Quae exercitationem et quas perferendis minus ut.', 'http://boyle.com/maxime-non-quaerat-quidem-repudiandae-rem-illum', '2018-08-11 04:38:30', '2018-08-11 04:38:30'),
(60, 1, 'Ozella Smitham', 'work.jpg', 'consequatur', 'Qui eius reprehenderit expedita quo eaque sit quasi. Deleniti velit ea officia dolore illo ipsa exercitationem. Excepturi ut amet laboriosam amet.', 'http://www.roberts.com/et-provident-natus-pariatur-enim-id-eos-quae', '2018-08-11 04:38:30', '2018-08-11 04:38:30'),
(61, 8, 'Natalie Gaylord', 'work.jpg', 'ullam', 'Sit assumenda qui in. Vel delectus aperiam quo et. Molestias reiciendis modi placeat nam sed omnis consequuntur. Perspiciatis corporis optio rem voluptates.', 'http://www.satterfield.info/hic-porro-est-sunt-repellat-voluptas-sequi.html', '2018-08-11 04:38:30', '2018-08-11 04:38:30'),
(62, 10, 'Damien Skiles', 'work.jpg', 'earum', 'Autem harum necessitatibus voluptatem qui sed repellendus quis. Consectetur inventore mollitia qui et architecto modi facere. Itaque eos aperiam adipisci velit. Vero numquam eligendi et natus omnis asperiores earum numquam. Earum eveniet vel aut ipsum consectetur autem aut rerum.', 'http://stroman.com/in-blanditiis-exercitationem-reprehenderit-quod', '2018-08-11 04:38:30', '2018-08-11 04:38:30'),
(63, 10, 'Ms. Kamille Welch', 'work.jpg', 'quas', 'Debitis occaecati incidunt dolores temporibus dolorum harum quia. Aperiam praesentium et eaque et iure inventore.', 'http://jones.com/ratione-ut-cumque-modi-dolorem-pariatur-eius-vitae-rem', '2018-08-11 04:38:30', '2018-08-11 04:38:30'),
(64, 2, 'Miss Paula Cummerata', 'work.jpg', 'consequuntur', 'Quis iure perferendis quas fugiat beatae. Repellat repudiandae illo voluptatibus ipsum qui ut. Quia temporibus consequuntur corrupti beatae aliquid debitis aliquid. Quia vel non qui et occaecati.', 'http://www.douglas.com/nostrum-sint-cupiditate-illum-enim-velit.html', '2018-08-11 04:38:30', '2018-08-11 04:38:30'),
(65, 9, 'Kayden Yost', 'work.jpg', 'iusto', 'Labore quaerat fugit voluptatem. Incidunt voluptates aut quod amet. Voluptatem quibusdam quia iste similique ex laudantium enim.', 'http://www.mohr.info/est-libero-debitis-labore-molestiae-et-aut-dolore.html', '2018-08-11 04:38:30', '2018-08-11 04:38:30'),
(66, 5, 'Emmanuel Douglas I', 'work.jpg', 'doloremque', 'Aut qui ea animi aliquid aut perferendis ut. Sed aut quis alias dolores in reiciendis. Id qui et fugiat occaecati consequatur ipsa.', 'http://www.krajcik.com/illo-quis-in-non-velit-aspernatur-quod.html', '2018-08-11 04:38:30', '2018-08-11 04:38:30'),
(67, 10, 'Camren Predovic', 'work.jpg', 'alias', 'Est quidem in optio aspernatur delectus. Nihil perferendis neque numquam commodi et ipsam. Voluptas officia nobis sit vel neque quod.', 'http://kilback.com/dolore-incidunt-labore-fugit-maxime-laborum.html', '2018-08-11 04:38:30', '2018-08-11 04:38:30'),
(68, 3, 'Edd Wuckert', 'work.jpg', 'voluptas', 'Unde nisi quisquam odio qui quis eos quo. Saepe non non qui nobis illum ea quia. Voluptas dolor et rerum harum qui. Possimus magni eligendi rerum.', 'https://www.turcotte.com/fugit-cumque-debitis-quia-facere-consectetur', '2018-08-11 04:38:30', '2018-08-11 04:38:30'),
(69, 7, 'Pauline Rolfson', 'work.jpg', 'qui', 'Consequatur laboriosam enim sunt ut. Nostrum sed natus dolore dolor ipsam dolore aut reprehenderit. Aut quo est quia temporibus. Qui quo eius nemo officia et dolorem libero.', 'http://murray.org/', '2018-08-11 04:38:30', '2018-08-11 04:38:30'),
(70, 3, 'Evans Deckow', 'work.jpg', 'qui', 'Maxime doloremque assumenda saepe. Est quo qui sed inventore ea. Eaque ut beatae nulla provident. Atque quia quos vel consectetur vitae officiis et sit. Vero possimus nam eius tenetur nulla dignissimos sit.', 'http://www.waelchi.com/sit-nulla-voluptatem-voluptatum-qui.html', '2018-08-11 04:38:30', '2018-08-11 04:38:30'),
(71, 10, 'Miss Celine Hamill MD', 'work.jpg', 'a', 'In quod incidunt exercitationem ipsum. Voluptas qui omnis odit aut rerum. At et impedit possimus et.', 'http://kris.com/impedit-in-nobis-perspiciatis-soluta-asperiores-ad', '2018-08-11 04:38:30', '2018-08-11 04:38:30'),
(72, 2, 'Dr. Maybelle Roob', 'work.jpg', 'ad', 'Odit possimus eveniet placeat labore. Ipsa corrupti eligendi facere nemo libero. Odit consequatur soluta dolores facere qui omnis et. Voluptatibus et et vitae laboriosam dolor dolores in.', 'https://www.brekke.net/eaque-eum-itaque-sint-quia', '2018-08-11 04:38:30', '2018-08-11 04:38:30'),
(73, 4, 'Yadira Kuvalis', 'work.jpg', 'voluptatum', 'Repellat error qui ex sunt dolor aut. Iste quo vel qui ad dignissimos. Dolor recusandae quis ipsam. Pariatur laborum placeat voluptate deserunt quis aut occaecati.', 'http://fadel.info/', '2018-08-11 04:38:30', '2018-08-11 04:38:30'),
(74, 4, 'Prof. Conner Runte', 'work.jpg', 'possimus', 'Et cumque qui ut ea eveniet occaecati. Fugiat sint qui quibusdam reprehenderit repudiandae laborum eveniet quidem. Eum nostrum ex similique dignissimos libero provident odio. Magni cupiditate odio doloremque quae vitae ut et.', 'http://www.dubuque.com/', '2018-08-11 04:38:30', '2018-08-11 04:38:30'),
(75, 6, 'Adelbert McClure', 'work.jpg', 'itaque', 'Et facere cumque aut voluptates neque voluptatem. Quia et amet omnis placeat dolorem.', 'http://fahey.org/quis-rem-repudiandae-non-distinctio-veniam-accusamus-eius-id.html', '2018-08-11 04:38:30', '2018-08-11 04:38:30'),
(76, 7, 'Ms. Sadye Dickinson V', 'work.jpg', 'molestiae', 'Eveniet omnis eum ipsa sed. Facilis dicta quis aut possimus. Atque hic minima delectus eveniet. Est quis rerum inventore inventore enim repudiandae aut praesentium.', 'http://jenkins.net/aut-officiis-praesentium-aut-itaque.html', '2018-08-11 04:38:30', '2018-08-11 04:38:30'),
(77, 8, 'Prof. Kellie Stracke', 'work.jpg', 'minima', 'Sed dolores harum illum. Repellat laudantium voluptatem consequatur eos soluta atque aut. Mollitia optio beatae officiis error iste harum. Aliquam corporis et qui omnis at voluptate.', 'https://kulas.biz/eligendi-occaecati-nesciunt-reprehenderit-cumque-facilis-cumque-ad.html', '2018-08-11 04:38:30', '2018-08-11 04:38:30'),
(78, 6, 'Demond Dach Sr.', 'work.jpg', 'architecto', 'Rerum mollitia qui consequatur a. Ducimus aut maiores iusto. Facere neque qui numquam et.', 'http://kuhlman.com/molestias-eos-est-voluptatem-amet-eveniet-totam-consequuntur', '2018-08-11 04:38:30', '2018-08-11 04:38:30'),
(79, 1, 'Torey Stamm', 'work.jpg', 'perferendis', 'Ut praesentium qui accusantium. Dolorem tempore nisi et possimus. Voluptatem molestias impedit est eum fugit. Repellendus aliquam deleniti non maxime quisquam. Praesentium pariatur exercitationem aspernatur qui ut omnis.', 'http://www.rice.net/deleniti-sint-quibusdam-rerum-et', '2018-08-11 04:38:30', '2018-08-11 04:38:30'),
(80, 1, 'Demetrius Ernser', 'work.jpg', 'commodi', 'Dolorum error distinctio expedita doloremque. Velit et esse dolore dolores earum esse. Fugiat dolor autem error beatae. Nam impedit odit distinctio in.', 'http://braun.com/', '2018-08-11 04:38:30', '2018-08-11 04:38:30'),
(81, 2, 'Donavon Jenkins', 'work.jpg', 'deleniti', 'Reiciendis corporis dolor id ullam qui temporibus. Aut voluptatum natus tempora cum inventore est. Beatae ea id aut repellat. Rerum adipisci sit minus et.', 'http://www.waters.biz/id-quo-voluptas-expedita-non-iusto', '2018-08-11 04:38:30', '2018-08-11 04:38:30'),
(82, 9, 'Cullen Wolff', 'work.jpg', 'enim', 'Distinctio quo labore incidunt molestiae quia quidem fuga et. Et consequatur maxime hic hic perferendis.', 'http://www.powlowski.biz/temporibus-autem-omnis-sit-sint-harum-vel', '2018-08-11 04:38:30', '2018-08-11 04:38:30'),
(83, 4, 'Dereck Gutkowski', 'work.jpg', 'reprehenderit', 'Qui amet vel accusantium. Laboriosam recusandae dolor facilis perspiciatis eos veniam. Soluta corporis dolorem dolorum sequi officiis. Est eveniet reprehenderit dolorum laudantium accusantium minus qui cupiditate.', 'http://www.jast.org/tempora-ab-qui-facere-vitae', '2018-08-11 04:38:30', '2018-08-11 04:38:30'),
(84, 9, 'Lula Larson', 'work.jpg', 'ex', 'Et id dolores facilis expedita eaque magni. Placeat quos eaque est rerum. Non eum dolores cumque ut.', 'http://heaney.com/dolores-quia-consequatur-nisi-iste-magnam-eius-ut', '2018-08-11 04:38:30', '2018-08-11 04:38:30'),
(85, 9, 'Jennifer Hudson', 'work.jpg', 'inventore', 'Quos ea perspiciatis error nulla eligendi aut. Mollitia animi molestias dignissimos nisi soluta voluptas. Qui quas officiis qui quae omnis quidem aut. Reiciendis possimus hic perferendis earum optio cumque.', 'http://www.walker.com/', '2018-08-11 04:38:30', '2018-08-11 04:38:30'),
(86, 5, 'Mina Gleichner', 'work.jpg', 'quia', 'Officia consequatur autem qui ut ipsum quia. Similique quia ipsam eveniet quia. Repellendus laudantium ea beatae modi possimus voluptatibus. Sed facilis corrupti magnam quasi.', 'http://thompson.biz/quibusdam-suscipit-velit-dolor-officia-debitis', '2018-08-11 04:38:30', '2018-08-11 04:38:30'),
(87, 9, 'Prof. Gay Pouros', 'work.jpg', 'autem', 'Architecto in doloremque sed est ut est. Ut ea accusantium exercitationem sapiente similique et. Placeat neque sed voluptas repellat et nobis. Ipsum consequatur autem veniam in.', 'http://dooley.com/cupiditate-consequuntur-rerum-magnam-facere.html', '2018-08-11 04:38:30', '2018-08-11 04:38:30'),
(88, 1, 'Olin Will', 'work.jpg', 'et', 'Ea eaque cum eveniet asperiores voluptates nihil eum. Possimus esse aut voluptas laborum dolor eius. Quo est iure id ut sed hic. Iure sit veritatis eos omnis quia error minus.', 'http://www.osinski.com/et-est-perferendis-tempore-culpa-sequi-aut', '2018-08-11 04:38:30', '2018-08-11 04:38:30'),
(89, 7, 'Ms. Karlee Huels', 'work.jpg', 'quia', 'Deserunt totam aperiam voluptatem enim enim aut ab adipisci. Quas omnis nostrum rem. Corrupti quam nesciunt quibusdam beatae eaque. Minus sit minus perspiciatis doloremque.', 'http://www.larkin.com/aut-voluptas-minus-illo-ab-qui-excepturi-iste.html', '2018-08-11 04:38:30', '2018-08-11 04:38:30'),
(90, 8, 'Dr. Major Dach', 'work.jpg', 'asperiores', 'Dicta aut asperiores maiores praesentium. Incidunt culpa nihil sunt voluptas quis. Dolores ratione quo dolores ut optio et. Voluptatem quis alias sint dolore magnam alias.', 'https://www.trantow.info/accusamus-ab-veniam-nemo-blanditiis', '2018-08-11 04:38:30', '2018-08-11 04:38:30'),
(91, 7, 'Missouri Schmeler', 'work.jpg', 'dolor', 'Eveniet neque eveniet fuga deleniti. Consequuntur qui et blanditiis sint ut quia. Rerum non repellendus qui magni id.', 'http://kunze.info/saepe-sint-voluptates-sunt-doloremque-error-accusantium-necessitatibus-consequatur', '2018-08-11 04:38:30', '2018-08-11 04:38:30'),
(92, 2, 'Ms. Theodora Lemke', 'work.jpg', 'voluptas', 'Quas voluptates soluta voluptatem et quo laudantium. Sit maiores vel sed ducimus. Animi recusandae corporis est eaque dicta dolor illum. Odio id molestiae praesentium magni a dolorem.', 'http://www.bednar.com/dolor-minus-aut-sunt-eligendi-consequatur-repellendus', '2018-08-11 04:38:30', '2018-08-11 04:38:30'),
(93, 1, 'Damon Heller', 'work.jpg', 'ex', 'Rerum dolore laudantium molestiae non suscipit aut itaque. Sapiente dolorum et quisquam ipsam consequatur. Laboriosam esse unde cum qui.', 'http://waters.info/et-sit-odit-nam-voluptates-necessitatibus-debitis-culpa', '2018-08-11 04:38:30', '2018-08-11 04:38:30'),
(94, 8, 'Blake Spencer', 'work.jpg', 'incidunt', 'Labore corporis facere occaecati modi recusandae. Est itaque tempora vel ut nihil omnis. Veniam ea ut in earum vel laudantium iusto aut.', 'http://bergnaum.biz/ut-molestiae-est-impedit-maxime-sint-nam-tempore', '2018-08-11 04:38:30', '2018-08-11 04:38:30'),
(95, 6, 'Unique Bergnaum II', 'work.jpg', 'iste', 'Quam sed aut culpa iste. Eaque tenetur tempore fuga consequatur quam et. Temporibus mollitia natus sint non impedit occaecati est.', 'https://eichmann.info/dolorem-unde-impedit-voluptates-quaerat-ab.html', '2018-08-11 04:38:30', '2018-08-11 04:38:30'),
(96, 6, 'Maurice Johnson', 'work.jpg', 'vel', 'Provident dolorum sunt labore aut est debitis rerum. Id maiores perspiciatis ab adipisci magni libero. Rem numquam ratione est placeat sapiente corrupti et. Fugiat voluptas quasi libero aut.', 'http://www.stracke.biz/aut-sit-quia-vitae-hic-praesentium-quidem', '2018-08-11 04:38:30', '2018-08-11 04:38:30'),
(97, 3, 'Dr. Oren Kuhic', 'work.jpg', 'doloremque', 'Ut fugiat illo qui aut. Non et odit et rerum est. Est occaecati aut doloribus itaque. Odit a officia fuga quae. Nisi et fugit enim dolorem nemo aut est.', 'http://www.hoeger.com/fuga-et-tenetur-maxime-et-natus-dolor.html', '2018-08-11 04:38:30', '2018-08-11 04:38:30'),
(98, 2, 'Malika White', 'work.jpg', 'nulla', 'Aut enim placeat quasi quisquam consequuntur aperiam omnis. Qui sapiente odit rerum explicabo. Consequatur saepe nesciunt numquam itaque eos fugiat.', 'http://www.donnelly.biz/quis-consequatur-corrupti-itaque-minus-quidem-tempore-sit-fugit.html', '2018-08-11 04:38:30', '2018-08-11 04:38:30'),
(99, 2, 'Robert Ledner', 'work.jpg', 'eos', 'Facere sequi dolorem accusamus modi maxime dolores. Facilis quia facilis ad. Dolorum et ut eaque quos autem velit in.', 'http://okeefe.org/velit-et-aliquam-numquam-est-numquam.html', '2018-08-11 04:38:30', '2018-08-11 04:38:30'),
(100, 8, 'Cortez Gaylord', 'work.jpg', 'totam', 'Qui id hic dolor ullam quo. Ab minima fuga voluptatibus eius sed non provident. Molestiae et commodi at porro explicabo eum.', 'http://www.feil.com/dolores-consequuntur-sunt-architecto-minima', '2018-08-11 04:38:30', '2018-08-11 04:38:30'),
(101, 11, 'New Project', 'Untitled-1.jpg', 'New', 'Lorem Ipsum is simply dummy text of the printing and typesetting industry. Lorem Ipsum has been the industry\'s standard dummy text ever since the 1500s, when an unknown printer took a galley of type and scrambled it to make a type specimen book.', 'https://www.google.com/search?q=Swift_TransportException+Expected+response+code+250+but+got+code+%22530%22%2C+with+message+%22530+5.7.1+Authentication+required%0D%0A%22', '2018-08-11 19:59:01', '2018-08-11 20:08:20'),
(102, 11, 'working', 'work.jpg', 'working', 'working', 'https://www.youtube.com/watch?v=VbRTcX7ByyA', '2018-08-11 20:05:05', '2018-08-11 20:05:05');

--
-- Indexes for dumped tables
--

--
-- Indexes for table `education`
--
ALTER TABLE `education`
  ADD PRIMARY KEY (`id`);

--
-- Indexes for table `experiences`
--
ALTER TABLE `experiences`
  ADD PRIMARY KEY (`id`);

--
-- Indexes for table `migrations`
--
ALTER TABLE `migrations`
  ADD PRIMARY KEY (`id`);

--
-- Indexes for table `password_resets`
--
ALTER TABLE `password_resets`
  ADD KEY `password_resets_email_index` (`email`);

--
-- Indexes for table `skills`
--
ALTER TABLE `skills`
  ADD PRIMARY KEY (`id`);

--
-- Indexes for table `users`
--
ALTER TABLE `users`
  ADD PRIMARY KEY (`id`),
  ADD UNIQUE KEY `users_email_unique` (`email`),
  ADD UNIQUE KEY `users_username_unique` (`username`);

--
-- Indexes for table `works`
--
ALTER TABLE `works`
  ADD PRIMARY KEY (`id`);

--
-- AUTO_INCREMENT for dumped tables
--

--
-- AUTO_INCREMENT for table `education`
--
ALTER TABLE `education`
  MODIFY `id` int(10) UNSIGNED NOT NULL AUTO_INCREMENT, AUTO_INCREMENT=103;

--
-- AUTO_INCREMENT for table `experiences`
--
ALTER TABLE `experiences`
  MODIFY `id` int(10) UNSIGNED NOT NULL AUTO_INCREMENT, AUTO_INCREMENT=102;

--
-- AUTO_INCREMENT for table `migrations`
--
ALTER TABLE `migrations`
  MODIFY `id` int(10) UNSIGNED NOT NULL AUTO_INCREMENT, AUTO_INCREMENT=7;

--
-- AUTO_INCREMENT for table `skills`
--
ALTER TABLE `skills`
  MODIFY `id` int(10) UNSIGNED NOT NULL AUTO_INCREMENT, AUTO_INCREMENT=104;

--
-- AUTO_INCREMENT for table `users`
--
ALTER TABLE `users`
  MODIFY `id` int(10) UNSIGNED NOT NULL AUTO_INCREMENT, AUTO_INCREMENT=12;

--
-- AUTO_INCREMENT for table `works`
--
ALTER TABLE `works`
  MODIFY `id` int(10) UNSIGNED NOT NULL AUTO_INCREMENT, AUTO_INCREMENT=103;
COMMIT;

/*!40101 SET CHARACTER_SET_CLIENT=@OLD_CHARACTER_SET_CLIENT */;
/*!40101 SET CHARACTER_SET_RESULTS=@OLD_CHARACTER_SET_RESULTS */;
/*!40101 SET COLLATION_CONNECTION=@OLD_COLLATION_CONNECTION */;
